numero_obra,nombre_obra,uoc_codigo,uoc_descripcion,organismo_codigo_saf,organismo_nombre,expediente_procedimiento_numero,renglon_numero,renglon_descripcion,provincia_id,provincia_nombre,departamento_id,departamento_nombre,localidad_id,localidad_nombre
81-0009-OBR18,PALACIO NACIONAL DE LAS ARTES - PALAIS DE GLACE,81/000,81/000 - Dirección General del Servicio Administrativo Financiero - MIOPyV,325,325 - Ministerio del Interior,9891,4.2.1-7003.11,CONST. CIVIL PRIVADA; DESCRIPCION: REMODELACION DE EDIFICIO,152,CIUDAD DE BUENOS AIRES,94196,CIUDAD DE BUENOS AIRES,8585,CIUDAD DE BUENOS AIRES
74-0011-OBR18,Mejoramiento y reparacion Camino Acceso Cerro Tronador - PN Nahuel Huapi,74/00,74/00 - ADMINISTRACIÓN DE PARQUES NACIONALES - COORDINACIÓN DE CONTRATACIONES,107,107 - Administración de Parques Nacionales,9953,4.2.1-7003.58,CONST. CIVIL PRIVADA; DESCRIPCION: OBRA CIVIL,163,RIO NEGRO,94131,BARILOCHE,13884,SAN CARLOS DE BARILOCHE
279-0001-OBR19,Construcción de cinco aulas para el ISSA sito en Ezeiza Buenos Aires,279/000,279/000 - Departamento de Compras - PSA,382,382 - Policia de Seguridad Aeroportuaria,9981,4.2.1-7003.45,CONST. CIVIL PRIVADA; DESCRIPCION: CONSTRUCCION DE AULA,148,BUENOS AIRES,94254,EZEIZA,4864,JOSE MARIA EZEIZA
81-0001-OBR19,Construcción de oficinas del Estado Nacional 1° etapa,81/000,81/000 - Dirección General del Servicio Administrativo Financiero - MIOPyV,325,325 - Ministerio del Interior,9982,4.2.1-7003.12,CONST. CIVIL PRIVADA; DESCRIPCION: CONSTRUCCION DE EDIFICIO,148,BUENOS AIRES,94594,VICENTE LOPEZ,5470,VILLA MARTELLI
81-0001-OBR19,Construcción de oficinas del Estado Nacional 1° etapa,81/000,81/000 - Dirección General del Servicio Administrativo Financiero - MIOPyV,325,325 - Ministerio del Interior,9983,4.2.1-7003.12,CONST. CIVIL PRIVADA; DESCRIPCION: CONSTRUCCION DE EDIFICIO,148,BUENOS AIRES,94594,VICENTE LOPEZ,5470,VILLA MARTELLI
279-0002-OBR19,Impermeabilización y reparación integral de las cubiertas del Edificio ex Base Aeronaval Ezeiza,279/000,279/000 - Departamento de Compras - PSA,382,382 - Policia de Seguridad Aeroportuaria,9998,4.2.1-7003.58,CONST. CIVIL PRIVADA; DESCRIPCION: OBRA CIVIL,148,BUENOS AIRES,94254,EZEIZA,4861,AEROPUERTO INTERNACIONAL EZEIZA
451-0001-OBR19,METROBUS RUTA 8 - 2DA ETAPA,451/000,451/000 - Dirección de Contratación de Bienes y Servicios - MTR,327,327 - Ministerio de Transporte,9996,4.2.2-6986.4,CONSTRUCCION DE CALLES; DESCRIPCION: SIN VALOR,148,BUENOS AIRES,94303,GENERAL SAN MARTIN,6471,VILLA BALLESTER
279-0003-OBR19,"Impermeabilización y reparación de la cubierta del Edificio UOESA, sito en Ezeiza Buenos Aires",279/000,279/000 - Departamento de Compras - PSA,382,382 - Policia de Seguridad Aeroportuaria,10001,4.2.1-7003.58,CONST. CIVIL PRIVADA; DESCRIPCION: OBRA CIVIL,148,BUENOS AIRES,94254,EZEIZA,4861,AEROPUERTO INTERNACIONAL EZEIZA
451-0002-OBR19,METROBUS FLORENCIO VARELA,451/000,451/000 - Dirección de Contratación de Bienes y Servicios - MTR,327,327 - Ministerio de Transporte,10014,4.2.2-6986.4,CONSTRUCCION DE CALLES; DESCRIPCION: SIN VALOR,148,BUENOS AIRES,94261,FLORENCIO VARELA,4869,FLORENCIO VARELA
39-0001-OBR19,CONSTRUCCIÓN DE UN EDIFICIO PARA EL POLO LOGÍSTICO POSADAS.,39,39 - Dirección General de Administración- PNA,380,380 - Prefectura Naval Argentina,10040,4.2.1-7003.12,CONST. CIVIL PRIVADA; DESCRIPCION: CONSTRUCCION DE EDIFICIO,161,MISIONES,94168,CAPITAL,13406,POSADAS
81-0002-OBR19,SALADO IV - TRAMOS 3 Y 4,81/000,81/000 - Dirección General del Servicio Administrativo Financiero - MIOPyV,325,325 - Ministerio del Interior,10051,4.2.2-7690.1,OBRA HIDRICA; DESCRIPCION: OBRA HIDRICA,152,CIUDAD DE BUENOS AIRES,94196,CIUDAD DE BUENOS AIRES,8585,CIUDAD DE BUENOS AIRES
81-0002-OBR19,SALADO IV - TRAMOS 3 Y 4,81/000,81/000 - Dirección General del Servicio Administrativo Financiero - MIOPyV,325,325 - Ministerio del Interior,10052,4.2.2-7690.1,OBRA HIDRICA; DESCRIPCION: OBRA HIDRICA,152,CIUDAD DE BUENOS AIRES,94196,CIUDAD DE BUENOS AIRES,8585,CIUDAD DE BUENOS AIRES
81-0003-OBR19,SALADO IV - TRAMOS 3 Y 4,81/000,81/000 - Dirección General del Servicio Administrativo Financiero - MIOPyV,325,325 - Ministerio del Interior,10051,4.2.2-7690.1,OBRA HIDRICA; DESCRIPCION: OBRA HIDRICA,152,CIUDAD DE BUENOS AIRES,94196,CIUDAD DE BUENOS AIRES,8585,CIUDAD DE BUENOS AIRES
81-0003-OBR19,SALADO IV - TRAMOS 3 Y 4,81/000,81/000 - Dirección General del Servicio Administrativo Financiero - MIOPyV,325,325 - Ministerio del Interior,10052,4.2.2-7690.1,OBRA HIDRICA; DESCRIPCION: OBRA HIDRICA,152,CIUDAD DE BUENOS AIRES,94196,CIUDAD DE BUENOS AIRES,8585,CIUDAD DE BUENOS AIRES
39-0002-OBR19,"AMPLIACION Y REMODELACION DE BAÑOS Y VESTUARIOS CUADRA ALFA/BRAVO, EN LOS INSTITUTOS DE FORMACION",39,39 - Dirección General de Administración- PNA,380,380 - Prefectura Naval Argentina,10060,4.2.1-7003.24,CONST. CIVIL PRIVADA; DESCRIPCION: REMODELACION DE BAÑO,148,BUENOS AIRES,94603,ZARATE,5527,ZARATE
14-0001-OBR19,"CONSTRUCCION DE OFICINAS Y LOCALES NIVEL + 8,00 TANDAR",14,14 - Compras y Contrataciones - CNEA,105,105 - Comisión Nacional de Energía Atómica,10097,4.2.1-7003.33,CONST. CIVIL PRIVADA; DESCRIPCION: CONSTRUCCION DE LOCAL,148,BUENOS AIRES,94303,GENERAL SAN MARTIN,6486,VILLA MAIPU
39-0003-OBR19,CONSTRUCCIÓN DE UN (1) EDIFICIO PARA LA PREFECTURA ITATÍ,39,39 - Dirección General de Administración- PNA,380,380 - Prefectura Naval Argentina,10136,4.2.1-7003.12,CONST. CIVIL PRIVADA; DESCRIPCION: CONSTRUCCION DE EDIFICIO,154,CORRIENTES,94336,ITATI,10322,ITATI
46/1-0001-OBR20,"ALTEO Y RECONST. DE LA CALZADA RNNº 3-TRAMO CNEL. DORREGO-EMP. RNNº 249 KM 607,56-KM 608,63",46/01,46/01 - 19° Bahía Blanca - DNV,604,604 - Dirección Nacional de Vialidad,10236,4.2.2-10008.19,"OBRAS VIALIDAD NACIONAL; TIPO: REHABILITACION DE RUTA, DESCRIPCION: RECONSTRUCCION",148,BUENOS AIRES,94227,CORONEL DORREGO,5698,CALVO
46/17-0002-OBR20,RN 12 -BACHEO CON MEZCLA BITUMINOSA TIPO CONCRETO ASFÁLTICO EN CALIENTE.,46/17,46/17 - 17° Entre Rios - DNV,604,604 - Dirección Nacional de Vialidad,10248,4.2.2-10008.33,"OBRAS VIALIDAD NACIONAL; TIPO: MANT Y CONSERVACION MEJORATIVA, DESCRIPCION: OTROS TIPOS RESOLUCION 2141/17",155,ENTRE RIOS,94420,NOGOYA,11014,NOGOYA
46/17-0002-OBR20,RN 12 -BACHEO CON MEZCLA BITUMINOSA TIPO CONCRETO ASFÁLTICO EN CALIENTE.,46/17,46/17 - 17° Entre Rios - DNV,604,604 - Dirección Nacional de Vialidad,10248,4.2.2-10008.33,"OBRAS VIALIDAD NACIONAL; TIPO: MANT Y CONSERVACION MEJORATIVA, DESCRIPCION: OTROS TIPOS RESOLUCION 2141/17",155,ENTRE RIOS,94430,PARANA,11063,CRESPO
46/17-0002-OBR20,RN 12 -BACHEO CON MEZCLA BITUMINOSA TIPO CONCRETO ASFÁLTICO EN CALIENTE.,46/17,46/17 - 17° Entre Rios - DNV,604,604 - Dirección Nacional de Vialidad,10255,4.2.2-10008.33,"OBRAS VIALIDAD NACIONAL; TIPO: MANT Y CONSERVACION MEJORATIVA, DESCRIPCION: OTROS TIPOS RESOLUCION 2141/17",155,ENTRE RIOS,94420,NOGOYA,11014,NOGOYA
46/17-0002-OBR20,RN 12 -BACHEO CON MEZCLA BITUMINOSA TIPO CONCRETO ASFÁLTICO EN CALIENTE.,46/17,46/17 - 17° Entre Rios - DNV,604,604 - Dirección Nacional de Vialidad,10255,4.2.2-10008.33,"OBRAS VIALIDAD NACIONAL; TIPO: MANT Y CONSERVACION MEJORATIVA, DESCRIPCION: OTROS TIPOS RESOLUCION 2141/17",155,ENTRE RIOS,94430,PARANA,11063,CRESPO
74-0001-OBR20,Construcción de Galpón - Taller en el Parque Nacional Lihue Calel,74/00,74/00 - ADMINISTRACIÓN DE PARQUES NACIONALES - COORDINACIÓN DE CONTRATACIONES,107,107 - Administración de Parques Nacionales,10284,4.2.1-7003.58,CONST. CIVIL PRIVADA; DESCRIPCION: OBRA CIVIL,158,LA PAMPA,94373,LIHUEL CALEL,12369,LIHUEL CALEL
46-0003-OBR20,PROYECTO: RUTA NACIONAL N° 12.  ACCESO PARANÁ – SAN BENITO POR AUTOPISTA.  OBRA: VINCULACIÓN RUTA NACIONAL N° 12 CON AV. CIRCUNVALACIÓN DE PARANÁ.  RUTA NACIONAL N° 12.  TRAMO: PUENTE S/ A° SAUCESITO – AV. ALMAFUERTE.  PROVINCIA DE ENTRE RÍOS.,46/000,46/000 - Coordinación de Licitaciones y Contrataciones - DNV,604,604 - Dirección Nacional de Vialidad,10288,4.2.2-10008.3,"OBRAS VIALIDAD NACIONAL; TIPO: AUTOPISTAS Y AUTOVIAS, DESCRIPCION: CONSTR. AUTOPISTA TRAZA NUEVA",155,ENTRE RIOS,94430,PARANA,11073,PARANA
46/8-0004-OBR20,R.N. N° 79; TRAMO: OLTA – CHAMICAL EMP. RN38; BACHEO SUPERFICIAL,46/08,46/08 - 8° La Rioja - DNV,604,604 - Dirección Nacional de Vialidad,10083,4.2.2-9990.1,BACHEO DE RUTA; DESCRIPCION: BACHEO DE RUTA,159,LA RIOJA,94278,GENERAL BELGRANO,12488,OLTA
46/8-0004-OBR20,R.N. N° 79; TRAMO: OLTA – CHAMICAL EMP. RN38; BACHEO SUPERFICIAL,46/08,46/08 - 8° La Rioja - DNV,604,604 - Dirección Nacional de Vialidad,10083,4.2.2-9990.1,BACHEO DE RUTA; DESCRIPCION: BACHEO DE RUTA,159,LA RIOJA,94185,CHAMICAL,12757,CHAMICAL
46/8-0004-OBR20,R.N. N° 79; TRAMO: OLTA – CHAMICAL EMP. RN38; BACHEO SUPERFICIAL,46/08,46/08 - 8° La Rioja - DNV,604,604 - Dirección Nacional de Vialidad,10210,4.2.2-9990.1,BACHEO DE RUTA; DESCRIPCION: BACHEO DE RUTA,159,LA RIOJA,94278,GENERAL BELGRANO,12488,OLTA
46/8-0004-OBR20,R.N. N° 79; TRAMO: OLTA – CHAMICAL EMP. RN38; BACHEO SUPERFICIAL,46/08,46/08 - 8° La Rioja - DNV,604,604 - Dirección Nacional de Vialidad,10210,4.2.2-9990.1,BACHEO DE RUTA; DESCRIPCION: BACHEO DE RUTA,159,LA RIOJA,94185,CHAMICAL,12757,CHAMICAL
46/8-0004-OBR20,R.N. N° 79; TRAMO: OLTA – CHAMICAL EMP. RN38; BACHEO SUPERFICIAL,46/08,46/08 - 8° La Rioja - DNV,604,604 - Dirección Nacional de Vialidad,10290,4.2.2-9990.1,BACHEO DE RUTA; DESCRIPCION: BACHEO DE RUTA,159,LA RIOJA,94278,GENERAL BELGRANO,12488,OLTA
46/8-0004-OBR20,R.N. N° 79; TRAMO: OLTA – CHAMICAL EMP. RN38; BACHEO SUPERFICIAL,46/08,46/08 - 8° La Rioja - DNV,604,604 - Dirección Nacional de Vialidad,10290,4.2.2-9990.1,BACHEO DE RUTA; DESCRIPCION: BACHEO DE RUTA,159,LA RIOJA,94185,CHAMICAL,12757,CHAMICAL
46/8-0005-OBR20,R.N. Nº 79; TRAMO: EMP. R.N. 38 – LTE. LA RIOJA/CATAMARCA; BACHEO SUPERFICIAL,46/08,46/08 - 8° La Rioja - DNV,604,604 - Dirección Nacional de Vialidad,10240,4.2.2-9990.1,BACHEO DE RUTA; DESCRIPCION: BACHEO DE RUTA,159,LA RIOJA,94185,CHAMICAL,12757,CHAMICAL
46/8-0005-OBR20,R.N. Nº 79; TRAMO: EMP. R.N. 38 – LTE. LA RIOJA/CATAMARCA; BACHEO SUPERFICIAL,46/08,46/08 - 8° La Rioja - DNV,604,604 - Dirección Nacional de Vialidad,10291,4.2.2-9990.1,BACHEO DE RUTA; DESCRIPCION: BACHEO DE RUTA,159,LA RIOJA,94185,CHAMICAL,12757,CHAMICAL
46/12-0006-OBR20,"Obra de conservación mejorativa ""Ejecución de bacheo y microaglomerado asfáltico en frío RN Nº 237""""",46/12,46/12 - 12° Neuquen - DNV,604,604 - Dirección Nacional de Vialidad,10286,4.2.2-10008.23,"OBRAS VIALIDAD NACIONAL; TIPO: MANT Y CONSERVACION MEJORATIVA, DESCRIPCION: MANTENIMIENTO DE RUTINA",162,NEUQUEN,94198,COLLON CURA,13647,PIEDRA DEL AGUILA
46/8-0007-OBR20,R.N. Nº 141; TRAMO: CHEPES - LTE. LA RIOJA/SAN JUAN; BACHEO SUPERFICIAL,46/08,46/08 - 8° La Rioja - DNV,604,604 - Dirección Nacional de Vialidad,10211,4.2.2-9990.1,BACHEO DE RUTA; DESCRIPCION: BACHEO DE RUTA,159,LA RIOJA,94492,ROSARIO VERA PEÑALOZA,12824,CHEPES
46/8-0007-OBR20,R.N. Nº 141; TRAMO: CHEPES - LTE. LA RIOJA/SAN JUAN; BACHEO SUPERFICIAL,46/08,46/08 - 8° La Rioja - DNV,604,604 - Dirección Nacional de Vialidad,10289,4.2.2-9990.1,BACHEO DE RUTA; DESCRIPCION: BACHEO DE RUTA,159,LA RIOJA,94492,ROSARIO VERA PEÑALOZA,12824,CHEPES
34-0001-OBR20,Adecuación del edificio de la calle Alsina 470 CABA para reubicar el Tribunal Fiscal de la Nación,34/000,34/000 - Dirección General de Administración - MHA,357,357 - Ministerio de Economía,10302,4.2.1-7003.11,CONST. CIVIL PRIVADA; DESCRIPCION: REMODELACION DE EDIFICIO,152,CIUDAD DE BUENOS AIRES,94196,CIUDAD DE BUENOS AIRES,8585,CIUDAD DE BUENOS AIRES
40/31-0001-OBR20,REPARACIÓN GENERAL Y MODERNIZACIÓN ASCENSOR N° 8 (MONTACARGAS) - EDIFICIO ALAS - C.A.B.A.,40/031,40/031 - OUC INFRA,381,381 - Estado Mayor General de La Fuerza Aérea,10345,3.3.1-6177.1,MANT. Y REPAR. DE EDIFICIO; DESCRIPCION: MANT. Y REPARACION DE EDIFICIO,152,CIUDAD DE BUENOS AIRES,94196,CIUDAD DE BUENOS AIRES,8585,CIUDAD DE BUENOS AIRES
40/31-0001-OBR20,REPARACIÓN GENERAL Y MODERNIZACIÓN ASCENSOR N° 8 (MONTACARGAS) - EDIFICIO ALAS - C.A.B.A.,40/031,40/031 - OUC INFRA,381,381 - Estado Mayor General de La Fuerza Aérea,10346,4.3.2-152.16,"MONTACARGAS; TIPO: ELECTRICO, VELOCIDAD: 5,5 Km/h, N° PARADAS: SEGUN PROYECTO, DIM. DEL PLANO DE APOYO: 1150 X 540 mm, CAPACIDAD DE CARGA: 1500 Kg",152,CIUDAD DE BUENOS AIRES,94196,CIUDAD DE BUENOS AIRES,8585,CIUDAD DE BUENOS AIRES
40/31-0001-OBR20,REPARACIÓN GENERAL Y MODERNIZACIÓN ASCENSOR N° 8 (MONTACARGAS) - EDIFICIO ALAS - C.A.B.A.,40/031,40/031 - OUC INFRA,381,381 - Estado Mayor General de La Fuerza Aérea,10347,4.3.9-1296.14,"MATAFUEGOS; AGENTE EXTINTOR: ANHIDRIDO CARBONICO, CAPACIDAD: 5 Kg, ACCESORIO: SIN VALOR, TIPO: BC",152,CIUDAD DE BUENOS AIRES,94196,CIUDAD DE BUENOS AIRES,8585,CIUDAD DE BUENOS AIRES
40/31-0002-OBR20,REPARACION PARCIAL ALA OESTE - CENTRO CIVICO - ETAPA I - GUARNICION AEREA CORDOBA - PCIA. DE CORDOBA,40/031,40/031 - OUC INFRA,381,381 - Estado Mayor General de La Fuerza Aérea,10353,3.3.1-6177.1,MANT. Y REPAR. DE EDIFICIO; DESCRIPCION: MANT. Y REPARACION DE EDIFICIO,153,CORDOBA,94165,CAPITAL,8941,CORDOBA
46/13-0001-OBR21,OBRA DE CONSERVACIÓN MEJORATIVA RNN° 25 - TRAMO: TRELEW - EMP. RNN° 3 - LAS CHAPAS.,46/13,46/13 - 13° Chubut - DNV,604,604 - Dirección Nacional de Vialidad,10403,4.2.2-10008.17,"OBRAS VIALIDAD NACIONAL; TIPO: REHABILITACION DE RUTA, DESCRIPCION: REPAVIMENTACION",151,CHUBUT,94268,GAIMAN,8514,GAIMAN
46/13-0001-OBR21,OBRA DE CONSERVACIÓN MEJORATIVA RNN° 25 - TRAMO: TRELEW - EMP. RNN° 3 - LAS CHAPAS.,46/13,46/13 - 13° Chubut - DNV,604,604 - Dirección Nacional de Vialidad,10403,4.2.2-10008.17,"OBRAS VIALIDAD NACIONAL; TIPO: REHABILITACION DE RUTA, DESCRIPCION: REPAVIMENTACION",151,CHUBUT,94268,GAIMAN,8513,DOLAVON
14-0001-OBR21,CONSTRUCCIÓN Y MONTAJE DE CUBIERTA METÁLICA PARA RECINTO DEL ACELERADOR DE IONES DEL CAC - GAIYANN,14,14 - Compras y Contrataciones - CNEA,105,105 - Comisión Nacional de Energía Atómica,10397,4.2.1-7003.2,CONST. CIVIL PRIVADA; DESCRIPCION: TECHO METALICO,148,BUENOS AIRES,94303,GENERAL SAN MARTIN,6486,VILLA MAIPU
46/13-0002-OBR21,OBRA DE CONSERVACIÓN MEJORATIVA RNN° 40 - PROVINCIA DE CHUBUT - TRAMO: EMP. RN26 - LOS TAMARISCOS.,46/13,46/13 - 13° Chubut - DNV,604,604 - Dirección Nacional de Vialidad,10410,4.2.2-10008.17,"OBRAS VIALIDAD NACIONAL; TIPO: REHABILITACION DE RUTA, DESCRIPCION: REPAVIMENTACION",151,CHUBUT,94480,RIO SENGUER,8555,LOS TAMARISCOS
46/11-0003-OBR21,VIALIDAD NACIONAL,46/11,46/11 - 11° Catamarca - DNV,604,604 - Dirección Nacional de Vialidad,10433,4.2.2-10008.28,"OBRAS VIALIDAD NACIONAL; TIPO: MANT Y CONSERVACION MEJORATIVA, DESCRIPCION: MICROAGLOMERADO",149,CATAMARCA,94132,BELEN,7280,LAS CUEVAS
46/11-0004-OBR21,VIALIDAD NACIONAL,46/11,46/11 - 11° Catamarca - DNV,604,604 - Dirección Nacional de Vialidad,10434,4.2.2-10008.28,"OBRAS VIALIDAD NACIONAL; TIPO: MANT Y CONSERVACION MEJORATIVA, DESCRIPCION: MICROAGLOMERADO",149,CATAMARCA,94543,SANTA MARIA,7611,PALO SECO
74-0001-OBR21,Refacción y mejoramiento del Edificio Intendencia Parque Nacional Ciervos de los Pantanos,74/00,74/00 - ADMINISTRACIÓN DE PARQUES NACIONALES - COORDINACIÓN DE CONTRATACIONES,107,107 - Administración de Parques Nacionales,10441,4.2.1-7003.11,CONST. CIVIL PRIVADA; DESCRIPCION: REMODELACION DE EDIFICIO,148,BUENOS AIRES,94154,CAMPANA,5242,CAMPANA
46/14-0005-OBR21,ACCESO CANALIZADO - LOCALIDAD DE NOGOLI,46/14,46/14 - 14° San Luis - DNV,604,604 - Dirección Nacional de Vialidad,10438,4.2.2-10008.38,"OBRAS VIALIDAD NACIONAL; TIPO: OBRA DE SEGURIDAD, DESCRIPCION: INTERSECCION CANALIZADA",166,SAN LUIS,94134,BELGRANO,15480,NOGOLI
46/14-0006-OBR21,REFUERZO DE PILAS EN PUENTE LOS CORRALES,46/14,46/14 - 14° San Luis - DNV,604,604 - Dirección Nacional de Vialidad,10437,4.2.2-7707.1,CONST. DE PUENTE; DESCRIPCION: CONSTRUCCION DE PUENTE,166,SAN LUIS,94124,AYACUCHO,15441,LUJAN
74-0002-OBR21,Refuncionalizacion Ex Hotel Majestic - Etapa 1,74/00,74/00 - ADMINISTRACIÓN DE PARQUES NACIONALES - COORDINACIÓN DE CONTRATACIONES,107,107 - Administración de Parques Nacionales,10485,4.2.1-7003.58,CONST. CIVIL PRIVADA; DESCRIPCION: OBRA CIVIL,152,CIUDAD DE BUENOS AIRES,94196,CIUDAD DE BUENOS AIRES,8585,CIUDAD DE BUENOS AIRES
501-0001-OBR21,MHN - CASA DEL PUENTE - CASA SOBRE EL ARROYO,501/000,501/000-Ministerio de Obras Públicas,364,364-Ministerio de Obras Públicas,10482,4.2.1-7003.58,CONST. CIVIL PRIVADA; DESCRIPCION: OBRA CIVIL,148,BUENOS AIRES,94299,GENERAL PUEYRREDON,6449,MAR DEL PLATA
46/18-0007-OBR21,RUTA NACIONAL Nº11 – EMPALME RP56 ILUMINACIÓN DE INTERSECCIÓN CANALIZADA. Provincia del Chaco,46/18,46/18 - 18° Chaco - DNV,604,604 - Dirección Nacional de Vialidad,10506,4.2.2-10008.39,"OBRAS VIALIDAD NACIONAL; TIPO: OBRA DE SEGURIDAD, DESCRIPCION: ADECUACION DE INTERSECCION",150,CHACO,94140,BERMEJO,8171,LAS PALMAS
14-0002-OBR21,PINTURA EPOXI DE LOS EDIFICIOS DEL PROYECTO RA-10,14,14 - Compras y Contrataciones - CNEA,105,105 - Comisión Nacional de Energía Atómica,10509,4.2.1-7003.43,CONST. CIVIL PRIVADA; DESCRIPCION: SERVICIO DE PINTURA,148,BUENOS AIRES,94254,EZEIZA,4864,JOSE MARIA EZEIZA
46/18-0008-OBR21,CONSTRUCCIÓN DE ALCANTARILLA DE LUCES MULTIPLES - RUTA NACIONAL Nº 89 - Provincia del Chaco. Tr: Gra,46/18,46/18 - 18° Chaco - DNV,604,604 - Dirección Nacional de Vialidad,10507,4.2.2-10008.53,"OBRAS VIALIDAD NACIONAL; TIPO: OBRAS ESPECIALES, DESCRIPCION: OBRAS HIDRAULICAS",150,CHACO,94606,12 DE octubre,8228,GENERAL PINEDO
74-0003-OBR21,Construcción de Sanitarios en el Parque Nacional El Palmar,74/00,74/00 - ADMINISTRACIÓN DE PARQUES NACIONALES - COORDINACIÓN DE CONTRATACIONES,107,107 - Administración de Parques Nacionales,10511,4.2.1-7003.58,CONST. CIVIL PRIVADA; DESCRIPCION: OBRA CIVIL,155,ENTRE RIOS,94200,COLON,10861,UBAJAY
46/19-0009-OBR21,"PROVISION Y COLOCACION DE LAS PASARELAS PEATONALES en RN.N° 8 - Km 83,12 y Km 95 - Pcia. Bs As.",46/19,46/19 - 1° Buenos Aires - DNV,604,604 - Dirección Nacional de Vialidad,10473,4.2.2-10008.41,"OBRAS VIALIDAD NACIONAL; TIPO: OBRA DE SEGURIDAD, DESCRIPCION: PASARELA PEATONAL",148,BUENOS AIRES,94253,EXALTACION DE LA CRUZ,4858,PARADA ROBLES
46/19-0009-OBR21,"PROVISION Y COLOCACION DE LAS PASARELAS PEATONALES en RN.N° 8 - Km 83,12 y Km 95 - Pcia. Bs As.",46/19,46/19 - 1° Buenos Aires - DNV,604,604 - Dirección Nacional de Vialidad,10473,4.2.2-10008.41,"OBRAS VIALIDAD NACIONAL; TIPO: OBRA DE SEGURIDAD, DESCRIPCION: PASARELA PEATONAL",148,BUENOS AIRES,94500,SAN ANDRES DE GILES,6902,SOLIS
46/19-0009-OBR21,"PROVISION Y COLOCACION DE LAS PASARELAS PEATONALES en RN.N° 8 - Km 83,12 y Km 95 - Pcia. Bs As.",46/19,46/19 - 1° Buenos Aires - DNV,604,604 - Dirección Nacional de Vialidad,10498,4.2.2-10008.41,"OBRAS VIALIDAD NACIONAL; TIPO: OBRA DE SEGURIDAD, DESCRIPCION: PASARELA PEATONAL",148,BUENOS AIRES,94253,EXALTACION DE LA CRUZ,4858,PARADA ROBLES
46/19-0009-OBR21,"PROVISION Y COLOCACION DE LAS PASARELAS PEATONALES en RN.N° 8 - Km 83,12 y Km 95 - Pcia. Bs As.",46/19,46/19 - 1° Buenos Aires - DNV,604,604 - Dirección Nacional de Vialidad,10498,4.2.2-10008.41,"OBRAS VIALIDAD NACIONAL; TIPO: OBRA DE SEGURIDAD, DESCRIPCION: PASARELA PEATONAL",148,BUENOS AIRES,94500,SAN ANDRES DE GILES,6902,SOLIS
46/19-0010-OBR21,REPARACION DE VIGA y PROV. Y COLOC. DE PORTICO LIMITADOR DE ALTURA. PTE. S/ LAS FLORES - AVELLANEDA,46/19,46/19 - 1° Buenos Aires - DNV,604,604 - Dirección Nacional de Vialidad,10504,4.2.2-10008.24,"OBRAS VIALIDAD NACIONAL; TIPO: MANT Y CONSERVACION MEJORATIVA, DESCRIPCION: MANT. DE PUENTES/ALCANTARILLAS",148,BUENOS AIRES,94121,AVELLANEDA,5341,WILDE
46/19-0011-OBR21,REACONDICIONAMIENTO SISTEMA DE ILUMINACION ROTONDA RN 3 Y RP 6 CAÑUELAS PCIA. DE BUENOS AIRES,46/19,46/19 - 1° Buenos Aires - DNV,604,604 - Dirección Nacional de Vialidad,10514,4.2.2-8181.1,INST. ALUMBRADO PUBLICO; DESCRIPCION: INST.ALUMB.PUBLICO,148,BUENOS AIRES,94156,CAÑUELAS,5257,CAÑUELAS
46/19-0011-OBR21,REACONDICIONAMIENTO SISTEMA DE ILUMINACION ROTONDA RN 3 Y RP 6 CAÑUELAS PCIA. DE BUENOS AIRES,46/19,46/19 - 1° Buenos Aires - DNV,604,604 - Dirección Nacional de Vialidad,10523,4.2.2-8181.1,INST. ALUMBRADO PUBLICO; DESCRIPCION: INST.ALUMB.PUBLICO,148,BUENOS AIRES,94156,CAÑUELAS,5257,CAÑUELAS
46/15-0012-OBR21,"Construcción de Pasarela Peatonal-RN Nº14-Prog.:871,70 Oberá-Misiones",46/15,46/15 - 15° Misiones - DNV,604,604 - Dirección Nacional de Vialidad,10530,4.2.2-8170.1,CONST. PASARELA PEATONAL; DESCRIPCION: CONSTRUCCION PASARELA PEATONAL,161,MISIONES,94424,OBERA,13247,OBERA
46/19-0013-OBR21,ARQUITECTURA,46/19,46/19 - 1° Buenos Aires - DNV,604,604 - Dirección Nacional de Vialidad,10534,4.2.2-9849.1,CONST. DE TECHO TECNICO ; DESCRIPCION: CONST. DE TECHO TECNICO,152,CIUDAD DE BUENOS AIRES,94196,CIUDAD DE BUENOS AIRES,8585,CIUDAD DE BUENOS AIRES
46/19-0013-OBR21,ARQUITECTURA,46/19,46/19 - 1° Buenos Aires - DNV,604,604 - Dirección Nacional de Vialidad,10534,4.2.2-9849.1,CONST. DE TECHO TECNICO ; DESCRIPCION: CONST. DE TECHO TECNICO,148,BUENOS AIRES,94121,AVELLANEDA,5086,DOCK SUD
46/9-0014-OBR21,"Demolición y reconstrucción de alcantarilla, mejoramiento de cauce y obras complementarias.-",46/09,46/09 - 9° San Juan - DNV,604,604 - Dirección Nacional de Vialidad,10528,4.2.2-10008.24,"OBRAS VIALIDAD NACIONAL; TIPO: MANT Y CONSERVACION MEJORATIVA, DESCRIPCION: MANT. DE PUENTES/ALCANTARILLAS",165,SAN JUAN,94153,CALINGASTA,15136,BARREAL
14-0003-OBR21,CONSTRUCCIÓN DEPOSITO PARA EDIFICIO Nº 51 DEL C.A.C. - GCCN,14,14 - Compras y Contrataciones - CNEA,105,105 - Comisión Nacional de Energía Atómica,10540,4.2.1-7003.33,CONST. CIVIL PRIVADA; DESCRIPCION: CONSTRUCCION DE LOCAL,148,BUENOS AIRES,94303,GENERAL SAN MARTIN,6486,VILLA MAIPU
46/13-0015-OBR21,PUESTA EN VALOR DE LAS INSTALACIONES CAMPAMENTO TECKA - 13º Distrito – Chubut,46/13,46/13 - 13° Chubut - DNV,604,604 - Dirección Nacional de Vialidad,10539,4.2.1-7003.37,CONST. CIVIL PRIVADA; DESCRIPCION: INMUEBLE,151,CHUBUT,94360,LANGUIÑEO,8532,TECKA
46/19-0016-OBR21,VIALIDAD,46/19,46/19 - 1° Buenos Aires - DNV,604,604 - Dirección Nacional de Vialidad,10542,4.2.2-9990.1,BACHEO DE RUTA; DESCRIPCION: BACHEO DE RUTA,148,BUENOS AIRES,94308,GENERAL VILLEGAS,6538,GENERAL VILLEGAS
46/11-0017-OBR21,VIALIDAD,46/11,46/11 - 11° Catamarca - DNV,604,604 - Dirección Nacional de Vialidad,10550,4.2.2-10008.24,"OBRAS VIALIDAD NACIONAL; TIPO: MANT Y CONSERVACION MEJORATIVA, DESCRIPCION: MANT. DE PUENTES/ALCANTARILLAS",149,CATAMARCA,94132,BELEN,7263,EL EJE
46/11-0018-OBR21,REHABILITACIÓN Y CONSTRUCCIÓN DE OBRAS DE ARTE Y REPARACIÓN DE ASENTAMIENTOS DE CALZADA Y BANQUINAS,46/11,46/11 - 11° Catamarca - DNV,604,604 - Dirección Nacional de Vialidad,10549,4.2.2-10008.25,"OBRAS VIALIDAD NACIONAL; TIPO: MANT Y CONSERVACION MEJORATIVA, DESCRIPCION: BACHEO Y SELLADO",149,CATAMARCA,94592,VALLE VIEJO,7448,EL PORTEZUELO
46/11-0018-OBR21,REHABILITACIÓN Y CONSTRUCCIÓN DE OBRAS DE ARTE Y REPARACIÓN DE ASENTAMIENTOS DE CALZADA Y BANQUINAS,46/11,46/11 - 11° Catamarca - DNV,604,604 - Dirección Nacional de Vialidad,10549,4.2.2-10008.25,"OBRAS VIALIDAD NACIONAL; TIPO: MANT Y CONSERVACION MEJORATIVA, DESCRIPCION: BACHEO Y SELLADO",149,CATAMARCA,94428,PACLIN,7546,LA MERCED
74-0004-OBR21,Const. de Sede Administrativa - Sub. Coord. Reg. Sur (DNIN) y Dirección Reg. Patagonia Austral (DNC),74/00,74/00 - ADMINISTRACIÓN DE PARQUES NACIONALES - COORDINACIÓN DE CONTRATACIONES,107,107 - Administración de Parques Nacionales,10556,4.2.1-7003.58,CONST. CIVIL PRIVADA; DESCRIPCION: OBRA CIVIL,167,SANTA CRUZ,94357,LAGO ARGENTINO,15712,EL CALAFATE
14-0004-OBR21,OBRA AMPLIACION DE EDIFICIO DE PROPIEDADES MECANICAS Nº3  - GAIYANN,14,14 - Compras y Contrataciones - CNEA,105,105 - Comisión Nacional de Energía Atómica,10490,4.2.1-7003.12,CONST. CIVIL PRIVADA; DESCRIPCION: CONSTRUCCION DE EDIFICIO,163,RIO NEGRO,94131,BARILOCHE,13884,SAN CARLOS DE BARILOCHE
46/11-0020-OBR21,VIALIDAD NACIONAL,46/11,46/11 - 11° Catamarca - DNV,604,604 - Dirección Nacional de Vialidad,10560,4.2.2-10008.10,"OBRAS VIALIDAD NACIONAL; TIPO: RUTAS SEGURAS, DESCRIPCION: ADECUACION DE TRAMO",149,CATAMARCA,94351,LA PAZ,7535,SAN ANTONIO
46/11-0021-OBR21,RECONSTRUCCIÓN DE CALZADA Y DEFENSAS RUTA NACIONAL Nº 60 FIAMBALÁ – LAS ANGOSTURAS,46/11,46/11 - 11° Catamarca - DNV,604,604 - Dirección Nacional de Vialidad,10567,4.2.2-10008.10,"OBRAS VIALIDAD NACIONAL; TIPO: RUTAS SEGURAS, DESCRIPCION: ADECUACION DE TRAMO",149,CATAMARCA,94569,TINOGASTA,7434,FIAMBALA
46/11-0022-OBR21,VIALIDAD,46/11,46/11 - 11° Catamarca - DNV,604,604 - Dirección Nacional de Vialidad,10574,4.2.2-10008.28,"OBRAS VIALIDAD NACIONAL; TIPO: MANT Y CONSERVACION MEJORATIVA, DESCRIPCION: MICROAGLOMERADO",149,CATAMARCA,94167,CAPITAL,7353,EL PANTANILLO
46/11-0022-OBR21,VIALIDAD,46/11,46/11 - 11° Catamarca - DNV,604,604 - Dirección Nacional de Vialidad,10574,4.2.2-10008.28,"OBRAS VIALIDAD NACIONAL; TIPO: MANT Y CONSERVACION MEJORATIVA, DESCRIPCION: MICROAGLOMERADO",149,CATAMARCA,94592,VALLE VIEJO,7455,SANTA ROSA
46-0024-OBR21,"Obras de Seguridad Vial, Señalamiento Horizontal, Vertical y Elementos de Seguridad en la Red Vial",46/000,46/000 - Coordinación de Licitaciones y Contrataciones - DNV,604,604 - Dirección Nacional de Vialidad,10585,4.2.2-10008.32,"OBRAS VIALIDAD NACIONAL; TIPO: MANT Y CONSERVACION MEJORATIVA, DESCRIPCION: SEÑALAMIENTO HORIZONTAL/VERTIC",171,TUCUMAN,94160,CAPITAL,18204,SAN MIGUEL DE TUCUMAN
46-0025-OBR21,"Obras de Seguridad Vial, Señalamiento Horizontal, Vertical y Elementos de Seguridad en la Red Vial",46/000,46/000 - Coordinación de Licitaciones y Contrataciones - DNV,604,604 - Dirección Nacional de Vialidad,10584,4.2.2-10008.32,"OBRAS VIALIDAD NACIONAL; TIPO: MANT Y CONSERVACION MEJORATIVA, DESCRIPCION: SEÑALAMIENTO HORIZONTAL/VERTIC",168,SANTA FE,94094,LA CAPITAL,15915,SANTA FE
46-0026-OBR21,"OBRA: “Obras de Seguridad Vial, Señalamiento Horizontal, Vertical y Elementos de Seguridad en la Red",46/000,46/000 - Coordinación de Licitaciones y Contrataciones - DNV,604,604 - Dirección Nacional de Vialidad,10575,4.2.2-10008.32,"OBRAS VIALIDAD NACIONAL; TIPO: MANT Y CONSERVACION MEJORATIVA, DESCRIPCION: SEÑALAMIENTO HORIZONTAL/VERTIC",148,BUENOS AIRES,94127,BAHIA BLANCA,5586,BAHIA BLANCA
74-0005-OBR21,Reconstruccion de cubierta de techos del Centro de Visitantes - PN Quebrada del Condorito,74/00,74/00 - ADMINISTRACIÓN DE PARQUES NACIONALES - COORDINACIÓN DE CONTRATACIONES,107,107 - Administración de Parques Nacionales,10577,4.2.1-7003.58,CONST. CIVIL PRIVADA; DESCRIPCION: OBRA CIVIL,153,CORDOBA,94165,CAPITAL,8941,CORDOBA
74-0005-OBR21,Reconstruccion de cubierta de techos del Centro de Visitantes - PN Quebrada del Condorito,74/00,74/00 - ADMINISTRACIÓN DE PARQUES NACIONALES - COORDINACIÓN DE CONTRATACIONES,107,107 - Administración de Parques Nacionales,10532,4.2.1-7003.58,CONST. CIVIL PRIVADA; DESCRIPCION: OBRA CIVIL,153,CORDOBA,94165,CAPITAL,8941,CORDOBA
74-0005-OBR21,Reconstruccion de cubierta de techos del Centro de Visitantes - PN Quebrada del Condorito,74/00,74/00 - ADMINISTRACIÓN DE PARQUES NACIONALES - COORDINACIÓN DE CONTRATACIONES,107,107 - Administración de Parques Nacionales,10589,4.2.1-7003.58,CONST. CIVIL PRIVADA; DESCRIPCION: OBRA CIVIL,153,CORDOBA,94165,CAPITAL,8941,CORDOBA
40/31-0001-OBR21,REPARACION PARCIAL EDIFICO Nº 17 - SUBMURACION LAVADERO MECANICO E.S.F.A. - ETAPA I - PCIA. CORDOBA,40/031,40/031 - OUC INFRA,381,381 - Estado Mayor General de La Fuerza Aérea,10590,3.3.1-6177.1,MANT. Y REPAR. DE EDIFICIO; DESCRIPCION: MANT. Y REPARACION DE EDIFICIO,153,CORDOBA,94165,CAPITAL,8941,CORDOBA
46-0028-OBR21,"Obras de Seguridad Vial, Señalamiento Horizontal, Vertical y Elementos de Seguridad en la Red Vial",46/000,46/000 - Coordinación de Licitaciones y Contrataciones - DNV,604,604 - Dirección Nacional de Vialidad,10596,4.2.2-10008.32,"OBRAS VIALIDAD NACIONAL; TIPO: MANT Y CONSERVACION MEJORATIVA, DESCRIPCION: SEÑALAMIENTO HORIZONTAL/VERTIC",152,CIUDAD DE BUENOS AIRES,94196,CIUDAD DE BUENOS AIRES,8585,CIUDAD DE BUENOS AIRES
46/19-0030-OBR21,VIALIDAD,46/19,46/19 - 1° Buenos Aires - DNV,604,604 - Dirección Nacional de Vialidad,10600,4.2.2-10008.24,"OBRAS VIALIDAD NACIONAL; TIPO: MANT Y CONSERVACION MEJORATIVA, DESCRIPCION: MANT. DE PUENTES/ALCANTARILLAS",148,BUENOS AIRES,94097,LA MATANZA,6181,GONZALEZ CATAN
46/19-0030-OBR21,VIALIDAD,46/19,46/19 - 1° Buenos Aires - DNV,604,604 - Dirección Nacional de Vialidad,10600,4.2.2-10008.24,"OBRAS VIALIDAD NACIONAL; TIPO: MANT Y CONSERVACION MEJORATIVA, DESCRIPCION: MANT. DE PUENTES/ALCANTARILLAS",148,BUENOS AIRES,94156,CAÑUELAS,5257,CAÑUELAS
501-0002-OBR21,Restauración y Puesta en Valor del Hotel N°1 Embalse Provincia de Córdoba,501/000,501/000-Ministerio de Obras Públicas,364,364-Ministerio de Obras Públicas,10603,4.2.1-7003.58,CONST. CIVIL PRIVADA; DESCRIPCION: OBRA CIVIL,153,CORDOBA,94151,CALAMUCHITA,8904,EMBALSE
46/13-0035-OBR21,"OBRA DE CONSERVACIÓN MEJORATIVA RNN°25, TRAMO: GAIMAN - DOLAVON.",46/13,46/13 - 13° Chubut - DNV,604,604 - Dirección Nacional de Vialidad,10627,4.2.2-10008.17,"OBRAS VIALIDAD NACIONAL; TIPO: REHABILITACION DE RUTA, DESCRIPCION: REPAVIMENTACION",151,CHUBUT,94268,GAIMAN,8513,DOLAVON
14-0005-OBR21,REFACCIÓN Y REACONDICIONAMIENTO SOTANO DEL EDIFICIO N°42 - GAIYANN,14,14 - Compras y Contrataciones - CNEA,105,105 - Comisión Nacional de Energía Atómica,10628,4.2.1-7003.11,CONST. CIVIL PRIVADA; DESCRIPCION: REMODELACION DE EDIFICIO,148,BUENOS AIRES,94303,GENERAL SAN MARTIN,6486,VILLA MAIPU
501-0009-OBR21,Sistema Nacional de Radares Meteorológicos Etapa III,501/000,501/000-Ministerio de Obras Públicas,364,364-Ministerio de Obras Públicas,10634,4.2.1-7003.58,CONST. CIVIL PRIVADA; DESCRIPCION: OBRA CIVIL,154,CORRIENTES,94338,ITUZAINGO,10342,ITUZAINGO
14-0006-OBR21,PUESTA EN VALOR DEL LABORATORIO DE EMPAQUE DE LA PLANTA DE PRODUCCION DE RADIOISOTOPOS DEL CAE-GAATN,14,14 - Compras y Contrataciones - CNEA,105,105 - Comisión Nacional de Energía Atómica,10633,4.2.1-7003.58,CONST. CIVIL PRIVADA; DESCRIPCION: OBRA CIVIL,148,BUENOS AIRES,94254,EZEIZA,4864,JOSE MARIA EZEIZA
46/4-0036-OBR21,"RUTA NACIONAL Nº 40; PROVINCIA DE MENDOZA, TRAMO: TUNUYÁN – ANCHORIS, SECCIÓN: EMP. RP 86 (I) [KM 32",46/04,46/04 - 4° Mendoza - DNV,604,604 - Dirección Nacional de Vialidad,10636,4.2.2-10008.45,"OBRAS VIALIDAD NACIONAL; TIPO: PUENTES, DESCRIPCION: REPARACION/MEJORA DE PUENTE",160,MENDOZA,94385,LUJAN DE CUYO,12966,ANCHORIS
34-0001-OBR21,ARQUITECTURA,34/000,34/000 - Dirección General de Administración - MHA,357,357 - Ministerio de Economía,10637,4.2.1-7003.11,CONST. CIVIL PRIVADA; DESCRIPCION: REMODELACION DE EDIFICIO,152,CIUDAD DE BUENOS AIRES,94196,CIUDAD DE BUENOS AIRES,8585,CIUDAD DE BUENOS AIRES
46-0001-OBR22,OBRA DE RECONSTRUCCIÓN DE CALZADA DESCENDENTE AU EZEIZA CAÑUELAS - TRAMO: PUENTE PÉRGOLA,46/000,46/000 - Coordinación de Licitaciones y Contrataciones - DNV,604,604 - Dirección Nacional de Vialidad,10669,4.2.2-10008.17,"OBRAS VIALIDAD NACIONAL; TIPO: REHABILITACION DE RUTA, DESCRIPCION: REPAVIMENTACION",148,BUENOS AIRES,94156,CAÑUELAS,5257,CAÑUELAS
46/19-0002-OBR22,Vialidad,46/19,46/19 - 1° Buenos Aires - DNV,604,604 - Dirección Nacional de Vialidad,10608,4.2.2-9990.1,BACHEO DE RUTA; DESCRIPCION: BACHEO DE RUTA,148,BUENOS AIRES,94483,RIVADAVIA,6789,AMERICA
46-0003-OBR22,"VARIANTE CAÑUELAS. AU EZEIZA CAÑUELAS (58,72) A R.N. N° 3 (KM 68,30) ACCESO A CAÑUELAS",46/000,46/000 - Coordinación de Licitaciones y Contrataciones - DNV,604,604 - Dirección Nacional de Vialidad,10690,4.2.2-10008.3,"OBRAS VIALIDAD NACIONAL; TIPO: AUTOPISTAS Y AUTOVIAS, DESCRIPCION: CONSTR. AUTOPISTA TRAZA NUEVA",148,BUENOS AIRES,94156,CAÑUELAS,5257,CAÑUELAS
46-0004-OBR22,Obra Ruta Nacional N° 33 - Repavimentación y Banquinas.,46/000,46/000 - Coordinación de Licitaciones y Contrataciones - DNV,604,604 - Dirección Nacional de Vialidad,10683,4.2.2-10008.17,"OBRAS VIALIDAD NACIONAL; TIPO: REHABILITACION DE RUTA, DESCRIPCION: REPAVIMENTACION",148,BUENOS AIRES,94308,GENERAL VILLEGAS,6538,GENERAL VILLEGAS
46-0004-OBR22,Obra Ruta Nacional N° 33 - Repavimentación y Banquinas.,46/000,46/000 - Coordinación de Licitaciones y Contrataciones - DNV,604,604 - Dirección Nacional de Vialidad,10689,4.2.2-10008.17,"OBRAS VIALIDAD NACIONAL; TIPO: REHABILITACION DE RUTA, DESCRIPCION: REPAVIMENTACION",148,BUENOS AIRES,94308,GENERAL VILLEGAS,6538,GENERAL VILLEGAS
46/18-0005-OBR22,OBRA DE CONSERVACIÓN MEJOTATIVA EN LA RUTA NACIONAL N° 95 – PROVINCIA DE CHACO. TRAMO: EMPALME RUTA,46/18,46/18 - 18° Chaco - DNV,604,604 - Dirección Nacional de Vialidad,10694,4.2.2-10008.23,"OBRAS VIALIDAD NACIONAL; TIPO: MANT Y CONSERVACION MEJORATIVA, DESCRIPCION: MANTENIMIENTO DE RUTINA",150,CHACO,94202,COMANDANTE FERNANDEZ,8193,PRESIDENCIA ROQUE SAENZ PENA
46/18-0005-OBR22,OBRA DE CONSERVACIÓN MEJOTATIVA EN LA RUTA NACIONAL N° 95 – PROVINCIA DE CHACO. TRAMO: EMPALME RUTA,46/18,46/18 - 18° Chaco - DNV,604,604 - Dirección Nacional de Vialidad,10694,4.2.2-10008.23,"OBRAS VIALIDAD NACIONAL; TIPO: MANT Y CONSERVACION MEJORATIVA, DESCRIPCION: MANTENIMIENTO DE RUTINA",150,CHACO,94390,MAIPU,7824,TRES ISLETAS
46-0006-OBR22,"OBRA: RUTA NACIONAL N° 3 - OBRAS FALTANTES - TRAMO: KM. 1867 – KM. 1908,60",46/000,46/000 - Coordinación de Licitaciones y Contrataciones - DNV,604,604 - Dirección Nacional de Vialidad,10679,4.2.2-10008.2,"OBRAS VIALIDAD NACIONAL; TIPO: AUTOPISTAS Y AUTOVIAS, DESCRIPCION: CONSTR. 2ª CALZADA P/AUTOVIA",167,SANTA CRUZ,94239,DESEADO,15678,CALETA OLIVIA
46-0006-OBR22,"OBRA: RUTA NACIONAL N° 3 - OBRAS FALTANTES - TRAMO: KM. 1867 – KM. 1908,60",46/000,46/000 - Coordinación de Licitaciones y Contrataciones - DNV,604,604 - Dirección Nacional de Vialidad,10700,4.2.2-10008.2,"OBRAS VIALIDAD NACIONAL; TIPO: AUTOPISTAS Y AUTOVIAS, DESCRIPCION: CONSTR. 2ª CALZADA P/AUTOVIA",167,SANTA CRUZ,94239,DESEADO,15678,CALETA OLIVIA
46/6-0007-OBR22,Obras de Seguridad - Travesía Urbana: Acceso Canalizado B° Papa Francisco - Pcia. de Jujuy.,46/06,46/06 - 6° Jujuy - DNV,604,604 - Dirección Nacional de Vialidad,11704,4.2.2-10008.40,"OBRAS VIALIDAD NACIONAL; TIPO: OBRA DE SEGURIDAD, DESCRIPCION: TRAVESIA URBANA",157,JUJUY,94089,LEDESMA,12069,CALILEGUA
46/4-0008-OBR22,"OBRA FRESADO, BACHEO Y CARPETA ACCESO SUR",46/04,46/04 - 4° Mendoza - DNV,604,604 - Dirección Nacional de Vialidad,11711,4.2.2-10008.23,"OBRAS VIALIDAD NACIONAL; TIPO: MANT Y CONSERVACION MEJORATIVA, DESCRIPCION: MANTENIMIENTO DE RUTINA",160,MENDOZA,94385,LUJAN DE CUYO,12985,LUJAN DE CUYO
501-0001-OBR22,EX BIBLIOTECA NACIONAL,501/000,501/000-Ministerio de Obras Públicas,364,364-Ministerio de Obras Públicas,11702,4.2.1-7003.11,CONST. CIVIL PRIVADA; DESCRIPCION: REMODELACION DE EDIFICIO,152,CIUDAD DE BUENOS AIRES,94203,COMUNA 1,8591,SAN TELMO
46-0009-OBR22,"OBRA MEJORATIVA Y DE MANTENIMIENTO SISTEMA MODULAR, Ruta Nacional N°188 Tramo: Junín - Gral Villegas",46/000,46/000 - Coordinación de Licitaciones y Contrataciones - DNV,604,604 - Dirección Nacional de Vialidad,10692,4.2.2-10008.30,"OBRAS VIALIDAD NACIONAL; TIPO: MANT Y CONSERVACION MEJORATIVA, DESCRIPCION: SISTEMA MODULAR",148,BUENOS AIRES,94346,JUNIN,6439,JUNIN
46-0009-OBR22,"OBRA MEJORATIVA Y DE MANTENIMIENTO SISTEMA MODULAR, Ruta Nacional N°188 Tramo: Junín - Gral Villegas",46/000,46/000 - Coordinación de Licitaciones y Contrataciones - DNV,604,604 - Dirección Nacional de Vialidad,10703,4.2.2-10008.30,"OBRAS VIALIDAD NACIONAL; TIPO: MANT Y CONSERVACION MEJORATIVA, DESCRIPCION: SISTEMA MODULAR",148,BUENOS AIRES,94346,JUNIN,6439,JUNIN
46-0010-OBR22,"OBRA: RUTA NACIONAL N° 3 - OBRAS FALTANTES - TRAMO: RADA TILLY (KM. 1843,30) – KM. 1867",46/000,46/000 - Coordinación de Licitaciones y Contrataciones - DNV,604,604 - Dirección Nacional de Vialidad,10701,4.2.2-10008.2,"OBRAS VIALIDAD NACIONAL; TIPO: AUTOPISTAS Y AUTOVIAS, DESCRIPCION: CONSTR. 2ª CALZADA P/AUTOVIA",151,CHUBUT,94249,ESCALANTE,8492,RADA TILLY
46-0010-OBR22,"OBRA: RUTA NACIONAL N° 3 - OBRAS FALTANTES - TRAMO: RADA TILLY (KM. 1843,30) – KM. 1867",46/000,46/000 - Coordinación de Licitaciones y Contrataciones - DNV,604,604 - Dirección Nacional de Vialidad,10701,4.2.2-10008.2,"OBRAS VIALIDAD NACIONAL; TIPO: AUTOPISTAS Y AUTOVIAS, DESCRIPCION: CONSTR. 2ª CALZADA P/AUTOVIA",167,SANTA CRUZ,94239,DESEADO,15678,CALETA OLIVIA
46-0010-OBR22,"OBRA: RUTA NACIONAL N° 3 - OBRAS FALTANTES - TRAMO: RADA TILLY (KM. 1843,30) – KM. 1867",46/000,46/000 - Coordinación de Licitaciones y Contrataciones - DNV,604,604 - Dirección Nacional de Vialidad,11713,4.2.2-10008.2,"OBRAS VIALIDAD NACIONAL; TIPO: AUTOPISTAS Y AUTOVIAS, DESCRIPCION: CONSTR. 2ª CALZADA P/AUTOVIA",151,CHUBUT,94249,ESCALANTE,8492,RADA TILLY
46-0010-OBR22,"OBRA: RUTA NACIONAL N° 3 - OBRAS FALTANTES - TRAMO: RADA TILLY (KM. 1843,30) – KM. 1867",46/000,46/000 - Coordinación de Licitaciones y Contrataciones - DNV,604,604 - Dirección Nacional de Vialidad,11713,4.2.2-10008.2,"OBRAS VIALIDAD NACIONAL; TIPO: AUTOPISTAS Y AUTOVIAS, DESCRIPCION: CONSTR. 2ª CALZADA P/AUTOVIA",167,SANTA CRUZ,94239,DESEADO,15678,CALETA OLIVIA
501-0003-OBR22,MHN Hotel N° 4 U.T. Chapadmalal,501/000,501/000-Ministerio de Obras Públicas,364,364-Ministerio de Obras Públicas,11723,4.2.1-7003.11,CONST. CIVIL PRIVADA; DESCRIPCION: REMODELACION DE EDIFICIO,148,BUENOS AIRES,94299,GENERAL PUEYRREDON,6444,CHAPADMALAL
14-0001-OBR22,PAVIMENTO CALLES DE ACCESO A SECTOR RA-3 - PLAYA DE ESTACIONAMIENTO Y CALLES - CAE GAATN,14,14 - Compras y Contrataciones - CNEA,105,105 - Comisión Nacional de Energía Atómica,11733,4.2.2-10008.11,"OBRAS VIALIDAD NACIONAL; TIPO: CONSTRUCCION Y RECONSTRUCCION, DESCRIPCION: OBRA BASICA Y PAVIMENTO",148,BUENOS AIRES,94254,EZEIZA,4861,AEROPUERTO INTERNACIONAL EZEIZA
46/16-0011-OBR22,OBRA DE CONSERVACION MEJORATIVA -RUTA NACIONAL Nº 89 - PROVINCIA DE SANTIAGO DEL ESTERO,46/16,46/16 - 16° Santiago del Estero - DNV,604,604 - Dirección Nacional de Vialidad,11743,4.2.2-10008.23,"OBRAS VIALIDAD NACIONAL; TIPO: MANT Y CONSERVACION MEJORATIVA, DESCRIPCION: MANTENIMIENTO DE RUTINA",169,SANTIAGO DEL ESTERO,94416,MORENO,17392,QUIMILI
14-0002-OBR22,CONSTRUCCION DE UN NUEVO EDIFICIO PARA LA GUARDIA DEL RA3 - CAE GAATN,14,14 - Compras y Contrataciones - CNEA,105,105 - Comisión Nacional de Energía Atómica,11732,4.2.1-7003.58,CONST. CIVIL PRIVADA; DESCRIPCION: OBRA CIVIL,148,BUENOS AIRES,94254,EZEIZA,4864,JOSE MARIA EZEIZA
46/15-0012-OBR22,"DEMOLICIÓN Y RECONSTRUCCIÓN DE ALCANTARILLA SOBRE ARROYO SAN JOSÉ- RUTA NACIONAL N°14- PROG.: 790,29",46/15,46/15 - 15° Misiones - DNV,604,604 - Dirección Nacional de Vialidad,11740,4.2.2-10008.24,"OBRAS VIALIDAD NACIONAL; TIPO: MANT Y CONSERVACION MEJORATIVA, DESCRIPCION: MANT. DE PUENTES/ALCANTARILLAS",161,MISIONES,94116,APOSTOLES,13351,SAN JOSE
46/4-0013-OBR22,FRESADO Y CARPETA RN40,46/04,46/04 - 4° Mendoza - DNV,604,604 - Dirección Nacional de Vialidad,11745,4.2.2-10008.17,"OBRAS VIALIDAD NACIONAL; TIPO: REHABILITACION DE RUTA, DESCRIPCION: REPAVIMENTACION",160,MENDOZA,94385,LUJAN DE CUYO,12969,AGRELO
46/4-0013-OBR22,FRESADO Y CARPETA RN40,46/04,46/04 - 4° Mendoza - DNV,604,604 - Dirección Nacional de Vialidad,11745,4.2.2-10008.17,"OBRAS VIALIDAD NACIONAL; TIPO: REHABILITACION DE RUTA, DESCRIPCION: REPAVIMENTACION",160,MENDOZA,94385,LUJAN DE CUYO,12985,LUJAN DE CUYO
63-0001-OBR22,Edificios Jefatura Regional Conurbano l,63/000,63/000 - Dirección de Contrataciones - ANSES II,850,850 - Administración Nacional de la Seguridad Social,11763,4.2.1-7003.58,CONST. CIVIL PRIVADA; DESCRIPCION: OBRA CIVIL,148,BUENOS AIRES,94594,VICENTE LOPEZ,5466,MUNRO
63-0001-OBR22,Edificios Jefatura Regional Conurbano l,63/000,63/000 - Dirección de Contrataciones - ANSES II,850,850 - Administración Nacional de la Seguridad Social,11763,4.2.1-7003.58,CONST. CIVIL PRIVADA; DESCRIPCION: OBRA CIVIL,148,BUENOS AIRES,94513,SAN ISIDRO,6948,SAN ISIDRO
63-0001-OBR22,Edificios Jefatura Regional Conurbano l,63/000,63/000 - Dirección de Contrataciones - ANSES II,850,850 - Administración Nacional de la Seguridad Social,11763,4.2.1-7003.58,CONST. CIVIL PRIVADA; DESCRIPCION: OBRA CIVIL,148,BUENOS AIRES,94415,MORENO,5914,TRUJUI
63-0001-OBR22,Edificios Jefatura Regional Conurbano l,63/000,63/000 - Dirección de Contrataciones - ANSES II,850,850 - Administración Nacional de la Seguridad Social,11763,4.2.1-7003.58,CONST. CIVIL PRIVADA; DESCRIPCION: OBRA CIVIL,148,BUENOS AIRES,94578,TRES DE FEBRERO,5416,VILLA BOSCH (EST. JUAN MARIA BOSCH)
63-0001-OBR22,Edificios Jefatura Regional Conurbano l,63/000,63/000 - Dirección de Contrataciones - ANSES II,850,850 - Administración Nacional de la Seguridad Social,11763,4.2.1-7003.58,CONST. CIVIL PRIVADA; DESCRIPCION: OBRA CIVIL,148,BUENOS AIRES,94578,TRES DE FEBRERO,5406,CIUDADELA
63-0001-OBR22,Edificios Jefatura Regional Conurbano l,63/000,63/000 - Dirección de Contrataciones - ANSES II,850,850 - Administración Nacional de la Seguridad Social,11763,4.2.1-7003.58,CONST. CIVIL PRIVADA; DESCRIPCION: OBRA CIVIL,148,BUENOS AIRES,94445,PILAR,6164,DEL VISO
63-0001-OBR22,Edificios Jefatura Regional Conurbano l,63/000,63/000 - Dirección de Contrataciones - ANSES II,850,850 - Administración Nacional de la Seguridad Social,11763,4.2.1-7003.58,CONST. CIVIL PRIVADA; DESCRIPCION: OBRA CIVIL,148,BUENOS AIRES,94337,ITUZAINGO,6578,ITUZAINGO CENTRO
63-0001-OBR22,Edificios Jefatura Regional Conurbano l,63/000,63/000 - Dirección de Contrataciones - ANSES II,850,850 - Administración Nacional de la Seguridad Social,11763,4.2.1-7003.58,CONST. CIVIL PRIVADA; DESCRIPCION: OBRA CIVIL,148,BUENOS AIRES,94341,JOSE C PAZ,6582,JOSE C. PAZ
63-0001-OBR22,Edificios Jefatura Regional Conurbano l,63/000,63/000 - Dirección de Contrataciones - ANSES II,850,850 - Administración Nacional de la Seguridad Social,11763,4.2.1-7003.58,CONST. CIVIL PRIVADA; DESCRIPCION: OBRA CIVIL,148,BUENOS AIRES,94303,GENERAL SAN MARTIN,6492,VILLA YAPEYU
63-0001-OBR22,Edificios Jefatura Regional Conurbano l,63/000,63/000 - Dirección de Contrataciones - ANSES II,850,850 - Administración Nacional de la Seguridad Social,11763,4.2.1-7003.58,CONST. CIVIL PRIVADA; DESCRIPCION: OBRA CIVIL,148,BUENOS AIRES,94445,PILAR,6681,PILAR
63-0001-OBR22,Edificios Jefatura Regional Conurbano l,63/000,63/000 - Dirección de Contrataciones - ANSES II,850,850 - Administración Nacional de la Seguridad Social,11763,4.2.1-7003.58,CONST. CIVIL PRIVADA; DESCRIPCION: OBRA CIVIL,148,BUENOS AIRES,94510,SAN FERNANDO,6941,SAN FERNANDO
63-0001-OBR22,Edificios Jefatura Regional Conurbano l,63/000,63/000 - Dirección de Contrataciones - ANSES II,850,850 - Administración Nacional de la Seguridad Social,11763,4.2.1-7003.58,CONST. CIVIL PRIVADA; DESCRIPCION: OBRA CIVIL,148,BUENOS AIRES,94154,CAMPANA,5242,CAMPANA
63-0001-OBR22,Edificios Jefatura Regional Conurbano l,63/000,63/000 - Dirección de Contrataciones - ANSES II,850,850 - Administración Nacional de la Seguridad Social,11763,4.2.1-7003.58,CONST. CIVIL PRIVADA; DESCRIPCION: OBRA CIVIL,148,BUENOS AIRES,94417,MORON,5916,EL PALOMAR
63-0001-OBR22,Edificios Jefatura Regional Conurbano l,63/000,63/000 - Dirección de Contrataciones - ANSES II,850,850 - Administración Nacional de la Seguridad Social,11763,4.2.1-7003.58,CONST. CIVIL PRIVADA; DESCRIPCION: OBRA CIVIL,148,BUENOS AIRES,94567,TIGRE,7098,EL TALAR
63-0001-OBR22,Edificios Jefatura Regional Conurbano l,63/000,63/000 - Dirección de Contrataciones - ANSES II,850,850 - Administración Nacional de la Seguridad Social,11763,4.2.1-7003.58,CONST. CIVIL PRIVADA; DESCRIPCION: OBRA CIVIL,148,BUENOS AIRES,94326,HURLINGHAM,6575,HURLINGHAM
63-0001-OBR22,Edificios Jefatura Regional Conurbano l,63/000,63/000 - Dirección de Contrataciones - ANSES II,850,850 - Administración Nacional de la Seguridad Social,11763,4.2.1-7003.58,CONST. CIVIL PRIVADA; DESCRIPCION: OBRA CIVIL,148,BUENOS AIRES,94567,TIGRE,7103,TIGRE
63-0001-OBR22,Edificios Jefatura Regional Conurbano l,63/000,63/000 - Dirección de Contrataciones - ANSES II,850,850 - Administración Nacional de la Seguridad Social,11763,4.2.1-7003.58,CONST. CIVIL PRIVADA; DESCRIPCION: OBRA CIVIL,148,BUENOS AIRES,94578,TRES DE FEBRERO,5403,CASEROS
63-0001-OBR22,Edificios Jefatura Regional Conurbano l,63/000,63/000 - Dirección de Contrataciones - ANSES II,850,850 - Administración Nacional de la Seguridad Social,11763,4.2.1-7003.58,CONST. CIVIL PRIVADA; DESCRIPCION: OBRA CIVIL,148,BUENOS AIRES,94303,GENERAL SAN MARTIN,6482,VILLA JOSE LEON SUAREZ
63-0001-OBR22,Edificios Jefatura Regional Conurbano l,63/000,63/000 - Dirección de Contrataciones - ANSES II,850,850 - Administración Nacional de la Seguridad Social,11763,4.2.1-7003.58,CONST. CIVIL PRIVADA; DESCRIPCION: OBRA CIVIL,148,BUENOS AIRES,94393,MALVINAS ARGENTINAS,6600,GRAND BOURG
63-0001-OBR22,Edificios Jefatura Regional Conurbano l,63/000,63/000 - Dirección de Contrataciones - ANSES II,850,850 - Administración Nacional de la Seguridad Social,11763,4.2.1-7003.58,CONST. CIVIL PRIVADA; DESCRIPCION: OBRA CIVIL,148,BUENOS AIRES,94404,MERLO,6659,MERLO
63-0001-OBR22,Edificios Jefatura Regional Conurbano l,63/000,63/000 - Dirección de Contrataciones - ANSES II,850,850 - Administración Nacional de la Seguridad Social,11763,4.2.1-7003.58,CONST. CIVIL PRIVADA; DESCRIPCION: OBRA CIVIL,148,BUENOS AIRES,94415,MORENO,5912,MORENO
63-0001-OBR22,Edificios Jefatura Regional Conurbano l,63/000,63/000 - Dirección de Contrataciones - ANSES II,850,850 - Administración Nacional de la Seguridad Social,11763,4.2.1-7003.58,CONST. CIVIL PRIVADA; DESCRIPCION: OBRA CIVIL,148,BUENOS AIRES,94250,ESCOBAR,4834,GARIN
63-0001-OBR22,Edificios Jefatura Regional Conurbano l,63/000,63/000 - Dirección de Contrataciones - ANSES II,850,850 - Administración Nacional de la Seguridad Social,11763,4.2.1-7003.58,CONST. CIVIL PRIVADA; DESCRIPCION: OBRA CIVIL,148,BUENOS AIRES,94250,ESCOBAR,5908,BELEN DE ESCOBAR
63-0001-OBR22,Edificios Jefatura Regional Conurbano l,63/000,63/000 - Dirección de Contrataciones - ANSES II,850,850 - Administración Nacional de la Seguridad Social,11763,4.2.1-7003.58,CONST. CIVIL PRIVADA; DESCRIPCION: OBRA CIVIL,148,BUENOS AIRES,94510,SAN FERNANDO,6942,VICTORIA
63-0001-OBR22,Edificios Jefatura Regional Conurbano l,63/000,63/000 - Dirección de Contrataciones - ANSES II,850,850 - Administración Nacional de la Seguridad Social,11763,4.2.1-7003.58,CONST. CIVIL PRIVADA; DESCRIPCION: OBRA CIVIL,148,BUENOS AIRES,94303,GENERAL SAN MARTIN,6486,VILLA MAIPU
63-0001-OBR22,Edificios Jefatura Regional Conurbano l,63/000,63/000 - Dirección de Contrataciones - ANSES II,850,850 - Administración Nacional de la Seguridad Social,11763,4.2.1-7003.58,CONST. CIVIL PRIVADA; DESCRIPCION: OBRA CIVIL,148,BUENOS AIRES,94529,SAN MIGUEL,6953,SAN MIGUEL
63-0001-OBR22,Edificios Jefatura Regional Conurbano l,63/000,63/000 - Dirección de Contrataciones - ANSES II,850,850 - Administración Nacional de la Seguridad Social,11763,4.2.1-7003.58,CONST. CIVIL PRIVADA; DESCRIPCION: OBRA CIVIL,148,BUENOS AIRES,94417,MORON,5918,MORON
46/20-0014-OBR22,"OBRA DE CONSERVACIÓN MEJORATIVA: ""EJECUCIÓN DE BACHEOS Y CARPETINES"" - RUTA NACIONAL Nº 22.",46/20,46/20 - 20° Río Negro - DNV,604,604 - Dirección Nacional de Vialidad,11781,4.2.2-10008.23,"OBRAS VIALIDAD NACIONAL; TIPO: MANT Y CONSERVACION MEJORATIVA, DESCRIPCION: MANTENIMIENTO DE RUTINA",163,RIO NEGRO,94123,AVELLANEDA,13861,CHELFORO
46/20-0014-OBR22,"OBRA DE CONSERVACIÓN MEJORATIVA: ""EJECUCIÓN DE BACHEOS Y CARPETINES"" - RUTA NACIONAL Nº 22.",46/20,46/20 - 20° Río Negro - DNV,604,604 - Dirección Nacional de Vialidad,11781,4.2.2-10008.23,"OBRAS VIALIDAD NACIONAL; TIPO: MANT Y CONSERVACION MEJORATIVA, DESCRIPCION: MANTENIMIENTO DE RUTINA",163,RIO NEGRO,94301,GENERAL ROCA,13980,GENERAL ROCA
46/13-0015-OBR22,": OBRA DE CONSERVACIÓN MEJORATIVA RN N° 25 - PROVINCIA DEL CHUBUT,KM. 191,53 - KM - KM. - KM. 199,32",46/13,46/13 - 13° Chubut - DNV,604,604 - Dirección Nacional de Vialidad,11787,4.2.2-10008.17,"OBRAS VIALIDAD NACIONAL; TIPO: REHABILITACION DE RUTA, DESCRIPCION: REPAVIMENTACION",151,CHUBUT,94398,MARTIRES,8533,ALTO DE LAS PLUMAS
46/13-0016-OBR22,OBRA DE CONSERVACIÓN MEJORATIVA RUTA NACIONAL N° 25 PROVINCIA DE CHUBUT.,46/13,46/13 - 13° Chubut - DNV,604,604 - Dirección Nacional de Vialidad,11791,4.2.2-10008.17,"OBRAS VIALIDAD NACIONAL; TIPO: REHABILITACION DE RUTA, DESCRIPCION: REPAVIMENTACION",151,CHUBUT,94469,RAWSON,8551,RAWSON
46/13-0016-OBR22,OBRA DE CONSERVACIÓN MEJORATIVA RUTA NACIONAL N° 25 PROVINCIA DE CHUBUT.,46/13,46/13 - 13° Chubut - DNV,604,604 - Dirección Nacional de Vialidad,11791,4.2.2-10008.17,"OBRAS VIALIDAD NACIONAL; TIPO: REHABILITACION DE RUTA, DESCRIPCION: REPAVIMENTACION",151,CHUBUT,94469,RAWSON,8552,TRELEW
46-0017-OBR22,"OBRA AUTOPISTA SAN MIGUEL DEL MONTE – GORCHS. RUTA NACIONAL N° 3 TRAMO KM 113,78 – KM 141,00",46/000,46/000 - Coordinación de Licitaciones y Contrataciones - DNV,604,604 - Dirección Nacional de Vialidad,11794,4.2.2-10008.1,"OBRAS VIALIDAD NACIONAL; TIPO: AUTOPISTAS Y AUTOVIAS, DESCRIPCION: CONSTR. 2ª CALZADA P/AUTOPISTA",148,BUENOS AIRES,94410,MONTE,6675,SAN MIGUEL DEL MONTE
46-0018-OBR22,"PROYECTO, OBRA RN N°3 - VARIANTE SAN MIGUEL DEL MONTE - TRAMO: KM 104.78 – KM 113.48",46/000,46/000 - Coordinación de Licitaciones y Contrataciones - DNV,604,604 - Dirección Nacional de Vialidad,11785,4.2.2-10008.3,"OBRAS VIALIDAD NACIONAL; TIPO: AUTOPISTAS Y AUTOVIAS, DESCRIPCION: CONSTR. AUTOPISTA TRAZA NUEVA",148,BUENOS AIRES,94410,MONTE,6675,SAN MIGUEL DEL MONTE
46-0019-OBR22,"OBRA RUTA NACIONAL N° 5. REPAVIMENTACIÓN, ENSANCHE Y BANQUINAS.",46/000,46/000 - Coordinación de Licitaciones y Contrataciones - DNV,604,604 - Dirección Nacional de Vialidad,11754,4.2.2-10008.17,"OBRAS VIALIDAD NACIONAL; TIPO: REHABILITACION DE RUTA, DESCRIPCION: REPAVIMENTACION",148,BUENOS AIRES,94576,TRENQUE LAUQUEN,7164,TRENQUE LAUQUEN
46-0020-OBR22,"OBRA MEJORA DE INTERSECCIÓN DE ACCESO A SIERRAS BAYAS - RUTA NACIONAL N°226 - KM 285,33.",46/000,46/000 - Coordinación de Licitaciones y Contrataciones - DNV,604,604 - Dirección Nacional de Vialidad,11755,4.2.2-10008.37,"OBRAS VIALIDAD NACIONAL; TIPO: OBRA DE SEGURIDAD, DESCRIPCION: DISTRIBUIDOR A DISTINTO NIVEL",148,BUENOS AIRES,94426,OLAVARRIA,6041,SIERRAS BAYAS
63-0002-OBR22,Edificios de la Jefatura Regional Noroeste,63/000,63/000 - Dirección de Contrataciones - ANSES II,850,850 - Administración Nacional de la Seguridad Social,11788,4.2.1-7003.58,CONST. CIVIL PRIVADA; DESCRIPCION: OBRA CIVIL,149,CATAMARCA,94167,CAPITAL,7354,SAN FERNANDO DEL VALLE DE CATAMARCA
63-0002-OBR22,Edificios de la Jefatura Regional Noroeste,63/000,63/000 - Dirección de Contrataciones - ANSES II,850,850 - Administración Nacional de la Seguridad Social,11788,4.2.1-7003.58,CONST. CIVIL PRIVADA; DESCRIPCION: OBRA CIVIL,149,CATAMARCA,94132,BELEN,7301,BELEN
63-0002-OBR22,Edificios de la Jefatura Regional Noroeste,63/000,63/000 - Dirección de Contrataciones - ANSES II,850,850 - Administración Nacional de la Seguridad Social,11788,4.2.1-7003.58,CONST. CIVIL PRIVADA; DESCRIPCION: OBRA CIVIL,149,CATAMARCA,94543,SANTA MARIA,7614,SANTA MARIA
63-0002-OBR22,Edificios de la Jefatura Regional Noroeste,63/000,63/000 - Dirección de Contrataciones - ANSES II,850,850 - Administración Nacional de la Seguridad Social,11788,4.2.1-7003.58,CONST. CIVIL PRIVADA; DESCRIPCION: OBRA CIVIL,169,SANTIAGO DEL ESTERO,94476,RIO HONDO,17636,TERMAS DE RIO HONDO
63-0002-OBR22,Edificios de la Jefatura Regional Noroeste,63/000,63/000 - Dirección de Contrataciones - ANSES II,850,850 - Administración Nacional de la Seguridad Social,11788,4.2.1-7003.58,CONST. CIVIL PRIVADA; DESCRIPCION: OBRA CIVIL,169,SANTIAGO DEL ESTERO,94343,JUAN F IBARRA,17272,SUNCHO CORRAL
63-0002-OBR22,Edificios de la Jefatura Regional Noroeste,63/000,63/000 - Dirección de Contrataciones - ANSES II,850,850 - Administración Nacional de la Seguridad Social,11788,4.2.1-7003.58,CONST. CIVIL PRIVADA; DESCRIPCION: OBRA CIVIL,169,SANTIAGO DEL ESTERO,94195,CHOYA,16625,FRIAS
63-0002-OBR22,Edificios de la Jefatura Regional Noroeste,63/000,63/000 - Dirección de Contrataciones - ANSES II,850,850 - Administración Nacional de la Seguridad Social,11788,4.2.1-7003.58,CONST. CIVIL PRIVADA; DESCRIPCION: OBRA CIVIL,159,LA RIOJA,94159,CAPITAL,12692,LA RIOJA
63-0002-OBR22,Edificios de la Jefatura Regional Noroeste,63/000,63/000 - Dirección de Contrataciones - ANSES II,850,850 - Administración Nacional de la Seguridad Social,11788,4.2.1-7003.58,CONST. CIVIL PRIVADA; DESCRIPCION: OBRA CIVIL,159,LA RIOJA,94117,ARAUCO,12645,AIMOGASTA
63-0002-OBR22,Edificios de la Jefatura Regional Noroeste,63/000,63/000 - Dirección de Contrataciones - ANSES II,850,850 - Administración Nacional de la Seguridad Social,11788,4.2.1-7003.58,CONST. CIVIL PRIVADA; DESCRIPCION: OBRA CIVIL,159,LA RIOJA,94185,CHAMICAL,12757,CHAMICAL
63-0002-OBR22,Edificios de la Jefatura Regional Noroeste,63/000,63/000 - Dirección de Contrataciones - ANSES II,850,850 - Administración Nacional de la Seguridad Social,11788,4.2.1-7003.58,CONST. CIVIL PRIVADA; DESCRIPCION: OBRA CIVIL,159,LA RIOJA,94492,ROSARIO VERA PEÑALOZA,12824,CHEPES
63-0002-OBR22,Edificios de la Jefatura Regional Noroeste,63/000,63/000 - Dirección de Contrataciones - ANSES II,850,850 - Administración Nacional de la Seguridad Social,11788,4.2.1-7003.58,CONST. CIVIL PRIVADA; DESCRIPCION: OBRA CIVIL,169,SANTIAGO DEL ESTERO,94306,GENERAL TABOADA,16746,AÑATUYA
63-0002-OBR22,Edificios de la Jefatura Regional Noroeste,63/000,63/000 - Dirección de Contrataciones - ANSES II,850,850 - Administración Nacional de la Seguridad Social,11788,4.2.1-7003.58,CONST. CIVIL PRIVADA; DESCRIPCION: OBRA CIVIL,169,SANTIAGO DEL ESTERO,94166,CAPITAL,17175,SANTIAGO DEL ESTERO
63-0002-OBR22,Edificios de la Jefatura Regional Noroeste,63/000,63/000 - Dirección de Contrataciones - ANSES II,850,850 - Administración Nacional de la Seguridad Social,11788,4.2.1-7003.58,CONST. CIVIL PRIVADA; DESCRIPCION: OBRA CIVIL,169,SANTIAGO DEL ESTERO,94416,MORENO,17392,QUIMILI
63-0002-OBR22,Edificios de la Jefatura Regional Noroeste,63/000,63/000 - Dirección de Contrataciones - ANSES II,850,850 - Administración Nacional de la Seguridad Social,11788,4.2.1-7003.58,CONST. CIVIL PRIVADA; DESCRIPCION: OBRA CIVIL,169,SANTIAGO DEL ESTERO,94129,BANDA,17111,LA BANDA
63-0002-OBR22,Edificios de la Jefatura Regional Noroeste,63/000,63/000 - Dirección de Contrataciones - ANSES II,850,850 - Administración Nacional de la Seguridad Social,11788,4.2.1-7003.58,CONST. CIVIL PRIVADA; DESCRIPCION: OBRA CIVIL,169,SANTIAGO DEL ESTERO,94225,COPO,16856,MONTE QUEMADO
63-0002-OBR22,Edificios de la Jefatura Regional Noroeste,63/000,63/000 - Dirección de Contrataciones - ANSES II,850,850 - Administración Nacional de la Seguridad Social,11788,4.2.1-7003.58,CONST. CIVIL PRIVADA; DESCRIPCION: OBRA CIVIL,169,SANTIAGO DEL ESTERO,94425,OJO DE AGUA,17446,VILLA OJO DE AGUA
63-0002-OBR22,Edificios de la Jefatura Regional Noroeste,63/000,63/000 - Dirección de Contrataciones - ANSES II,850,850 - Administración Nacional de la Seguridad Social,11788,4.2.1-7003.58,CONST. CIVIL PRIVADA; DESCRIPCION: OBRA CIVIL,159,LA RIOJA,94191,CHILECITO,12761,CHILECITO
14-0003-OBR22,CONSTRUCION REMODELACIÓN DE CUBIERTAS DE CUATRO (4) GALPONES DEL CENTRO ATÓMICO EZEIZA - GAATN,14,14 - Compras y Contrataciones - CNEA,105,105 - Comisión Nacional de Energía Atómica,11802,4.2.1-7003.11,CONST. CIVIL PRIVADA; DESCRIPCION: REMODELACION DE EDIFICIO,148,BUENOS AIRES,94254,EZEIZA,4864,JOSE MARIA EZEIZA
46-0021-OBR22,"Reciclado del paquete estructural existente, restitución de base y carpeta de concreto asfáltico en caliente.",46/000,46/000 - Coordinación de Licitaciones y Contrataciones - DNV,604,604 - Dirección Nacional de Vialidad,11776,4.2.2-10008.13,"OBRAS VIALIDAD NACIONAL; TIPO: CONSTRUCCION Y RECONSTRUCCION, DESCRIPCION: PAVIMENTACION DE RUTA",168,SANTA FE,94613,9 DE julio,16034,SAN BERNARDO
46/16-0022-OBR22,"OBRA DE CONSERVACION MEJORATIVA R.N. Nº 89 -CONSTRUCCIÓN, REFACCIÓN Y AMPLIACIÓN DE ALCANTARILLAS",46/16,46/16 - 16° Santiago del Estero - DNV,604,604 - Dirección Nacional de Vialidad,11836,4.2.2-10008.24,"OBRAS VIALIDAD NACIONAL; TIPO: MANT Y CONSERVACION MEJORATIVA, DESCRIPCION: MANT. DE PUENTES/ALCANTARILLAS",169,SANTIAGO DEL ESTERO,94416,MORENO,17392,QUIMILI
46/18-0025-OBR22,OBRA DE CONSERVACIÓN MEJORATIVA-RUTA NACIONAL Nº 89–GRAL. PINEDO–LIM. C/ SANTIAGO DEL ESTERO-CHACO,46/18,46/18 - 18° Chaco - DNV,604,604 - Dirección Nacional de Vialidad,11834,4.2.2-10008.25,"OBRAS VIALIDAD NACIONAL; TIPO: MANT Y CONSERVACION MEJORATIVA, DESCRIPCION: BACHEO Y SELLADO",150,CHACO,94606,12 DE octubre,8228,GENERAL PINEDO
46/18-0025-OBR22,OBRA DE CONSERVACIÓN MEJORATIVA-RUTA NACIONAL Nº 89–GRAL. PINEDO–LIM. C/ SANTIAGO DEL ESTERO-CHACO,46/18,46/18 - 18° Chaco - DNV,604,604 - Dirección Nacional de Vialidad,11834,4.2.2-10008.25,"OBRAS VIALIDAD NACIONAL; TIPO: MANT Y CONSERVACION MEJORATIVA, DESCRIPCION: BACHEO Y SELLADO",150,CHACO,94606,12 DE octubre,8226,GANCEDO
34-0001-OBR22,"Adecuación edilicia, redes, inst. eléctrica e inst. de aire acond. del piso 4 y 5 de Alsina 470",34/000,34/000 - Dirección General de Administración - MHA,357,357 - Ministerio de Economía,11847,4.2.1-7003.11,CONST. CIVIL PRIVADA; DESCRIPCION: REMODELACION DE EDIFICIO,152,CIUDAD DE BUENOS AIRES,94203,COMUNA 1,8587,MONSERRAT
46/18-0026-OBR22,CONSERVACIÓN MEJORATIVA - ILUMINACIÓN - TR: RN11 PCIA DEL CHACO - EMP RP90 - SEC: KM1.041,46/18,46/18 - 18° Chaco - DNV,604,604 - Dirección Nacional de Vialidad,11843,4.2.2-10008.48,"OBRAS VIALIDAD NACIONAL; TIPO: OBRAS ESPECIALES, DESCRIPCION: PUESTO CONTROL DE PESO Y DIMEN",150,CHACO,94605,1° DE MAYO,7917,MARGARITA BELEN
46/18-0027-OBR22,RN N89-EMP. RP5. ILUMINACIÓN DE INTERSECCIÓN CANALIZADA,46/18,46/18 - 18° Chaco - DNV,604,604 - Dirección Nacional de Vialidad,11844,4.2.2-10008.39,"OBRAS VIALIDAD NACIONAL; TIPO: OBRA DE SEGURIDAD, DESCRIPCION: ADECUACION DE INTERSECCION",150,CHACO,94606,12 DE octubre,8225,PINEDO VIEJO
14-0004-OBR22,PUESTA EN VALOR BAÑOS Y VESTUARIOS DE LA PLANTA DE PRODUCCIÓN DE RADIOISÓTOPOS DEL CAE - GAATN,14,14 - Compras y Contrataciones - CNEA,105,105 - Comisión Nacional de Energía Atómica,11845,4.2.1-7003.58,CONST. CIVIL PRIVADA; DESCRIPCION: OBRA CIVIL,148,BUENOS AIRES,94254,EZEIZA,4864,JOSE MARIA EZEIZA
46/13-0028-OBR22,"OBRA DE CONSERVACIÓN MEJORATIVA RN N° 25 - PROVINCIA DEL CHUBUT KM. 143,57 - KM. 165,22.",46/13,46/13 - 13° Chubut - DNV,604,604 - Dirección Nacional de Vialidad,11841,4.2.2-10008.17,"OBRAS VIALIDAD NACIONAL; TIPO: REHABILITACION DE RUTA, DESCRIPCION: REPAVIMENTACION",151,CHUBUT,94398,MARTIRES,8533,ALTO DE LAS PLUMAS
46-0029-OBR22,"OBRAS DE SEGURIDAD VIAL, SEÑALAMIENTO HORIZONTAL CON MATERIAL TERMOPLÁSTICO, de la Red Vial Nacional",46/000,46/000 - Coordinación de Licitaciones y Contrataciones - DNV,604,604 - Dirección Nacional de Vialidad,11872,4.2.2-10008.32,"OBRAS VIALIDAD NACIONAL; TIPO: MANT Y CONSERVACION MEJORATIVA, DESCRIPCION: SEÑALAMIENTO HORIZONTAL/VERTIC",152,CIUDAD DE BUENOS AIRES,94196,CIUDAD DE BUENOS AIRES,8585,CIUDAD DE BUENOS AIRES
46/3-0032-OBR22,OBRA DE CONSERVACIÓN MEJORATIVA ACCESO NORTE A SAN MIGUEL DE TUCUMAN – EX RUTA NACIONAL Nº 9. PROVIN,46/03,46/03 - 3° Tucumán - DNV,604,604 - Dirección Nacional de Vialidad,11873,4.2.2-10008.13,"OBRAS VIALIDAD NACIONAL; TIPO: CONSTRUCCION Y RECONSTRUCCION, DESCRIPCION: PAVIMENTACION DE RUTA",171,TUCUMAN,94160,CAPITAL,18204,SAN MIGUEL DE TUCUMAN
46-0033-OBR22,VIALIDAD,46/000,46/000 - Coordinación de Licitaciones y Contrataciones - DNV,604,604 - Dirección Nacional de Vialidad,11815,4.2.2-10008.34,"OBRAS VIALIDAD NACIONAL; TIPO: REHABIL. Y MANT. INTEGRADO, DESCRIPCION: MALLA CREMA",149,CATAMARCA,94351,LA PAZ,7534,RECREO
46-0033-OBR22,VIALIDAD,46/000,46/000 - Coordinación de Licitaciones y Contrataciones - DNV,604,604 - Dirección Nacional de Vialidad,11815,4.2.2-10008.34,"OBRAS VIALIDAD NACIONAL; TIPO: REHABIL. Y MANT. INTEGRADO, DESCRIPCION: MALLA CREMA",149,CATAMARCA,94351,LA PAZ,7535,SAN ANTONIO
46-0033-OBR22,VIALIDAD,46/000,46/000 - Coordinación de Licitaciones y Contrataciones - DNV,604,604 - Dirección Nacional de Vialidad,11815,4.2.2-10008.34,"OBRAS VIALIDAD NACIONAL; TIPO: REHABIL. Y MANT. INTEGRADO, DESCRIPCION: MALLA CREMA",149,CATAMARCA,94545,SANTA ROSA,7638,LAVALLE
14-0005-OBR22,CONSTRUCCION EDIFICIO N° 17 - SEGUNDA ETAPA - GAEN,14,14 - Compras y Contrataciones - CNEA,105,105 - Comisión Nacional de Energía Atómica,11850,4.2.1-7003.58,CONST. CIVIL PRIVADA; DESCRIPCION: OBRA CIVIL,148,BUENOS AIRES,94303,GENERAL SAN MARTIN,6486,VILLA MAIPU
14-0006-OBR22,CAMBIO DE CUBIERTA EN PABELLÓN 8 CAB - GAEN,14,14 - Compras y Contrataciones - CNEA,105,105 - Comisión Nacional de Energía Atómica,11801,4.2.1-7003.2,CONST. CIVIL PRIVADA; DESCRIPCION: TECHO METALICO,163,RIO NEGRO,94131,BARILOCHE,13884,SAN CARLOS DE BARILOCHE
46/16-0035-OBR22,"BACHEO CON MEZCLA EN FRIO (incluido riego de liga); SELLADO DE GRIETAS Y FISURAS, RECONSTRUCCION DE BANQUINA CON REPOSICION PARCIAL DE MATERIAL GRANULAR. TRAMO: RIO SALADILLO – SANTIAGO DEL ESTERO",46/16,46/16 - 16° Santiago del Estero - DNV,604,604 - Dirección Nacional de Vialidad,11886,4.2.2-10008.25,"OBRAS VIALIDAD NACIONAL; TIPO: MANT Y CONSERVACION MEJORATIVA, DESCRIPCION: BACHEO Y SELLADO",169,SANTIAGO DEL ESTERO,94380,LORETO,17305,VILLA SAN MARTIN
46/16-0035-OBR22,"BACHEO CON MEZCLA EN FRIO (incluido riego de liga); SELLADO DE GRIETAS Y FISURAS, RECONSTRUCCION DE BANQUINA CON REPOSICION PARCIAL DE MATERIAL GRANULAR. TRAMO: RIO SALADILLO – SANTIAGO DEL ESTERO",46/16,46/16 - 16° Santiago del Estero - DNV,604,604 - Dirección Nacional de Vialidad,11886,4.2.2-10008.25,"OBRAS VIALIDAD NACIONAL; TIPO: MANT Y CONSERVACION MEJORATIVA, DESCRIPCION: BACHEO Y SELLADO",169,SANTIAGO DEL ESTERO,94553,SILIPICA,17778,ARRAGA
46/16-0035-OBR22,"BACHEO CON MEZCLA EN FRIO (incluido riego de liga); SELLADO DE GRIETAS Y FISURAS, RECONSTRUCCION DE BANQUINA CON REPOSICION PARCIAL DE MATERIAL GRANULAR. TRAMO: RIO SALADILLO – SANTIAGO DEL ESTERO",46/16,46/16 - 16° Santiago del Estero - DNV,604,604 - Dirección Nacional de Vialidad,11886,4.2.2-10008.25,"OBRAS VIALIDAD NACIONAL; TIPO: MANT Y CONSERVACION MEJORATIVA, DESCRIPCION: BACHEO Y SELLADO",169,SANTIAGO DEL ESTERO,94166,CAPITAL,17167,EL ZANJON
46-0036-OBR22,RUTA NACIONAL N°9/34 – TRAMO: ROSARIO DE LA FRONTERA – LTE. SALTA/JUJUY.,46/000,46/000 - Coordinación de Licitaciones y Contrataciones - DNV,604,604 - Dirección Nacional de Vialidad,11893,4.2.2-10008.1,"OBRAS VIALIDAD NACIONAL; TIPO: AUTOPISTAS Y AUTOVIAS, DESCRIPCION: CONSTR. 2ª CALZADA P/AUTOPISTA",164,SALTA,94490,ROSARIO DE LA FRONTERA,14331,ROSARIO DE LA FRONTERA
46-0037-OBR22,OBRA RUTA NACIONAL N°3. AUTOPISTA FIN VARIANTE LAS FLORES – INTERSECCIÓN RP N° 30,46/000,46/000 - Coordinación de Licitaciones y Contrataciones - DNV,604,604 - Dirección Nacional de Vialidad,11867,4.2.2-10008.1,"OBRAS VIALIDAD NACIONAL; TIPO: AUTOPISTAS Y AUTOVIAS, DESCRIPCION: CONSTR. 2ª CALZADA P/AUTOPISTA",148,BUENOS AIRES,94364,LAS FLORES,6274,LAS FLORES
46/3-0038-OBR22,"OBRA: CONSTRUCCIÓN DE UMBRALES SOTERRADOS Y PROTECCIONES  RUTA NACIONAL Nº 65 – PROVINCIA DE TUCUMÁN  TRAMO: EMPALME R.N. 38 / LÍMITE TUCUMÁN - CATAMARCA  SECCIÓN: RÍO COCHUNA (KM 35,7)",46/03,46/03 - 3° Tucumán - DNV,604,604 - Dirección Nacional de Vialidad,11892,4.2.2-10008.24,"OBRAS VIALIDAD NACIONAL; TIPO: MANT Y CONSERVACION MEJORATIVA, DESCRIPCION: MANT. DE PUENTES/ALCANTARILLAS",171,TUCUMAN,94189,CHICLIGASTA,17940,COCHUNA
46/3-0038-OBR22,"OBRA: CONSTRUCCIÓN DE UMBRALES SOTERRADOS Y PROTECCIONES  RUTA NACIONAL Nº 65 – PROVINCIA DE TUCUMÁN  TRAMO: EMPALME R.N. 38 / LÍMITE TUCUMÁN - CATAMARCA  SECCIÓN: RÍO COCHUNA (KM 35,7)",46/03,46/03 - 3° Tucumán - DNV,604,604 - Dirección Nacional de Vialidad,11900,4.2.2-10008.24,"OBRAS VIALIDAD NACIONAL; TIPO: MANT Y CONSERVACION MEJORATIVA, DESCRIPCION: MANT. DE PUENTES/ALCANTARILLAS",171,TUCUMAN,94189,CHICLIGASTA,17940,COCHUNA
46-0039-OBR22,"REPAVIMENTACIÓN AU. EZEIZA - CAÑUELAS TRAMO KM 49,4 - KM 58,856",46/000,46/000 - Coordinación de Licitaciones y Contrataciones - DNV,604,604 - Dirección Nacional de Vialidad,11885,4.2.2-10008.17,"OBRAS VIALIDAD NACIONAL; TIPO: REHABILITACION DE RUTA, DESCRIPCION: REPAVIMENTACION",148,BUENOS AIRES,94156,CAÑUELAS,5257,CAÑUELAS
501-0004-OBR22,READECUACION DE LAS OBRAS DE EVACUACION DEL SISTEMA DE LA PICASA A LA CAÑADA DE LAS HORQUETAS,501/000,501/000-Ministerio de Obras Públicas,364,364-Ministerio de Obras Públicas,11899,4.2.2-7690.1,OBRA HIDRICA; DESCRIPCION: OBRA HIDRICA,148,BUENOS AIRES,94308,GENERAL VILLEGAS,6544,VILLA SABOYA
46/1-0040-OBR22,"OBRA “SISTEMA DE ILUMINACIÓN R.N. N°33 - KM 282,78 - ACC. TRES LOMAS Y 30 DE AGOSTO”",46/01,46/01 - 19° Bahía Blanca - DNV,604,604 - Dirección Nacional de Vialidad,11927,4.2.2-8181.1,INST. ALUMBRADO PUBLICO; DESCRIPCION: INST.ALUMB.PUBLICO,148,BUENOS AIRES,94576,TRENQUE LAUQUEN,7163,30 DE agosto
46/1-0040-OBR22,"OBRA “SISTEMA DE ILUMINACIÓN R.N. N°33 - KM 282,78 - ACC. TRES LOMAS Y 30 DE AGOSTO”",46/01,46/01 - 19° Bahía Blanca - DNV,604,604 - Dirección Nacional de Vialidad,11927,4.2.2-8181.1,INST. ALUMBRADO PUBLICO; DESCRIPCION: INST.ALUMB.PUBLICO,148,BUENOS AIRES,94579,TRES LOMAS,5426,TRES LOMAS
501-0005-OBR22,Reforma Sanitarios - Hospital POSADAS.,501/000,501/000-Ministerio de Obras Públicas,364,364-Ministerio de Obras Públicas,11935,4.2.1-7003.11,CONST. CIVIL PRIVADA; DESCRIPCION: REMODELACION DE EDIFICIO,148,BUENOS AIRES,94417,MORON,5916,EL PALOMAR
46-0041-OBR22,"OBRA DE REPAVIMENTACIÓN, RUTA SEGURA Y ENSANCHE DE PUENTES EXISTENTES, RUTA NACIONAL N° 193",46/000,46/000 - Coordinación de Licitaciones y Contrataciones - DNV,604,604 - Dirección Nacional de Vialidad,11756,4.2.2-10008.17,"OBRAS VIALIDAD NACIONAL; TIPO: REHABILITACION DE RUTA, DESCRIPCION: REPAVIMENTACION",148,BUENOS AIRES,94603,ZARATE,5527,ZARATE
46/10-0042-OBR22,REPARACIÓN DE MÉNSULAS DE HORMIGÓN DE TRAMOS ISOSTÁTICOS DEL PUENTE S/ RÍO CORRIENTES,46/10,46/10 - 10° Corrientes - DNV,604,604 - Dirección Nacional de Vialidad,11934,4.2.2-10008.45,"OBRAS VIALIDAD NACIONAL; TIPO: PUENTES, DESCRIPCION: REPARACION/MEJORA DE PUENTE",154,CORRIENTES,94251,ESQUINA,10204,ESQUINA
46-0043-OBR22,"OBRA DE REPAVIMENTACIÓN, RUTA NACIONAL N° 9, TRAMO: CAMPANA – ROSARIO",46/000,46/000 - Coordinación de Licitaciones y Contrataciones - DNV,604,604 - Dirección Nacional de Vialidad,11884,4.2.2-10008.17,"OBRAS VIALIDAD NACIONAL; TIPO: REHABILITACION DE RUTA, DESCRIPCION: REPAVIMENTACION",148,BUENOS AIRES,94154,CAMPANA,5242,CAMPANA
46-0044-OBR22,"OBRA RUTA NACIONAL N° 5. AUTOPISTA MERCEDES - INICIO VARIANTE SUIPACHA, TRAMO: KM. 104 - KM 124.",46/000,46/000 - Coordinación de Licitaciones y Contrataciones - DNV,604,604 - Dirección Nacional de Vialidad,11883,4.2.2-10008.1,"OBRAS VIALIDAD NACIONAL; TIPO: AUTOPISTAS Y AUTOVIAS, DESCRIPCION: CONSTR. 2ª CALZADA P/AUTOPISTA",148,BUENOS AIRES,94403,MERCEDES,6655,MERCEDES
46/4-0045-OBR22,"OBRA POR DELEGACIÓN DE FACULTADES: REPARACIÓN LOSAS H°, RNNº 40, PCIA. MENDOZA",46/04,46/04 - 4° Mendoza - DNV,604,604 - Dirección Nacional de Vialidad,11972,4.2.2-10008.23,"OBRAS VIALIDAD NACIONAL; TIPO: MANT Y CONSERVACION MEJORATIVA, DESCRIPCION: MANTENIMIENTO DE RUTINA",160,MENDOZA,94091,LAS HERAS,12936,EL ZAPALLAR
46/4-0045-OBR22,"OBRA POR DELEGACIÓN DE FACULTADES: REPARACIÓN LOSAS H°, RNNº 40, PCIA. MENDOZA",46/04,46/04 - 4° Mendoza - DNV,604,604 - Dirección Nacional de Vialidad,11972,4.2.2-10008.23,"OBRAS VIALIDAD NACIONAL; TIPO: MANT Y CONSERVACION MEJORATIVA, DESCRIPCION: MANTENIMIENTO DE RUTINA",160,MENDOZA,94091,LAS HERAS,12934,EL PLUMERILLO
46/4-0045-OBR22,"OBRA POR DELEGACIÓN DE FACULTADES: REPARACIÓN LOSAS H°, RNNº 40, PCIA. MENDOZA",46/04,46/04 - 4° Mendoza - DNV,604,604 - Dirección Nacional de Vialidad,11972,4.2.2-10008.23,"OBRAS VIALIDAD NACIONAL; TIPO: MANT Y CONSERVACION MEJORATIVA, DESCRIPCION: MANTENIMIENTO DE RUTINA",160,MENDOZA,94091,LAS HERAS,12931,EL ALGARROBAL
46/18-0047-OBR22,DEFENSA MARGEN IZQUIERDO RÍO BERMEJO PTE. LAVALLE,46/18,46/18 - 18° Chaco - DNV,604,604 - Dirección Nacional de Vialidad,11975,4.2.2-10008.45,"OBRAS VIALIDAD NACIONAL; TIPO: PUENTES, DESCRIPCION: REPARACION/MEJORA DE PUENTE",156,FORMOSA,94434,PATIÑO,11351,PUERTO LAVALLE
46-0048-OBR22,"OBRAS DE SEGURIDAD VIAL, SEÑALAMIENTO HORIZONTAL CON MATERIAL TERMOPLÁSTICO, de la Red Vial Nacional",46/000,46/000 - Coordinación de Licitaciones y Contrataciones - DNV,604,604 - Dirección Nacional de Vialidad,11967,4.2.2-10008.32,"OBRAS VIALIDAD NACIONAL; TIPO: MANT Y CONSERVACION MEJORATIVA, DESCRIPCION: SEÑALAMIENTO HORIZONTAL/VERTIC",153,CORDOBA,94165,CAPITAL,8941,CORDOBA
74-0002-OBR22,Construcción de Muelle en Ria Ajo - Parque Nacional Campos del Tuyu,74/00,74/00 - ADMINISTRACIÓN DE PARQUES NACIONALES - COORDINACIÓN DE CONTRATACIONES,107,107 - Administración de Parques Nacionales,11979,4.2.1-7003.58,CONST. CIVIL PRIVADA; DESCRIPCION: OBRA CIVIL,148,BUENOS AIRES,94290,GENERAL LAVALLE,5009,GENERAL LAVALLE
46-0049-OBR22,DUPLICACIÓN DE CALZADA RUTA NACIONAL N° 34 - Tramo: VARIANTE DE RAFAELA - EMP. RUTA PROVINCIAL N°13,46/000,46/000 - Coordinación de Licitaciones y Contrataciones - DNV,604,604 - Dirección Nacional de Vialidad,11924,4.2.2-10008.1,"OBRAS VIALIDAD NACIONAL; TIPO: AUTOPISTAS Y AUTOVIAS, DESCRIPCION: CONSTR. 2ª CALZADA P/AUTOPISTA",168,SANTA FE,94174,CASTELLANOS,16479,RAFAELA
46/3-0051-OBR22,OBRA DE CONSERVACIÓN MEJORATIVA R.N. N° 157 - PROV. DE TUCUMAN - TRAMO: BELLA VISTA - S. M. DE TUCUM,46/03,46/03 - 3° Tucumán - DNV,604,604 - Dirección Nacional de Vialidad,11984,4.2.2-10008.14,"OBRAS VIALIDAD NACIONAL; TIPO: CONSTRUCCION Y RECONSTRUCCION, DESCRIPCION: RECONSTRUCCION TOTAL DE RUTA",171,TUCUMAN,94367,LEALES,18124,BELLA VISTA
46-0052-OBR22,OBRA: DISTRIBUIDOR ACCESO A JUAN ANCHORENA – RUTA NACIONAL N°8 AUTOPISTA PILAR - PERGAMINO,46/000,46/000 - Coordinación de Licitaciones y Contrataciones - DNV,604,604 - Dirección Nacional de Vialidad,11957,4.2.2-10008.37,"OBRAS VIALIDAD NACIONAL; TIPO: OBRA DE SEGURIDAD, DESCRIPCION: DISTRIBUIDOR A DISTINTO NIVEL",148,BUENOS AIRES,94439,PERGAMINO,6134,JUAN ANCHORENA
46-0053-OBR22,VIALIDAD,46/000,46/000 - Coordinación de Licitaciones y Contrataciones - DNV,604,604 - Dirección Nacional de Vialidad,11988,4.2.2-10008.11,"OBRAS VIALIDAD NACIONAL; TIPO: CONSTRUCCION Y RECONSTRUCCION, DESCRIPCION: OBRA BASICA Y PAVIMENTO",149,CATAMARCA,94132,BELEN,7310,LONDRES
74-0003-OBR22,Construcción de Galpón / Taller (ICE) - Parque Nacional Ciervos de los Pantanos,74/00,74/00 - ADMINISTRACIÓN DE PARQUES NACIONALES - COORDINACIÓN DE CONTRATACIONES,107,107 - Administración de Parques Nacionales,11987,4.2.1-7003.58,CONST. CIVIL PRIVADA; DESCRIPCION: OBRA CIVIL,148,BUENOS AIRES,94154,CAMPANA,5242,CAMPANA
501-0006-OBR22,LHN CCD Faro de Punta Mogotes,501/000,501/000-Ministerio de Obras Públicas,364,364-Ministerio de Obras Públicas,12008,4.2.1-7003.11,CONST. CIVIL PRIVADA; DESCRIPCION: REMODELACION DE EDIFICIO,148,BUENOS AIRES,94299,GENERAL PUEYRREDON,6449,MAR DEL PLATA
501-0007-OBR22,MUSEO HISTÓRICO SARMIENTO. Nuevo espacio gastronómico y jardines,501/000,501/000-Ministerio de Obras Públicas,364,364-Ministerio de Obras Públicas,12007,4.2.1-7003.33,CONST. CIVIL PRIVADA; DESCRIPCION: CONSTRUCCION DE LOCAL,152,CIUDAD DE BUENOS AIRES,94207,COMUNA 13,8623,BELGRANO
46-0054-OBR22,MALLA RN11D. RUTA NACIONAL N°11 - PROVINCIAS DE SANTA FE Y CHACO.,46/000,46/000 - Coordinación de Licitaciones y Contrataciones - DNV,604,604 - Dirección Nacional de Vialidad,11951,4.2.2-10008.34,"OBRAS VIALIDAD NACIONAL; TIPO: REHABIL. Y MANT. INTEGRADO, DESCRIPCION: MALLA CREMA",150,CHACO,94511,SAN FERNANDO,8346,RESISTENCIA
46-0054-OBR22,MALLA RN11D. RUTA NACIONAL N°11 - PROVINCIAS DE SANTA FE Y CHACO.,46/000,46/000 - Coordinación de Licitaciones y Contrataciones - DNV,604,604 - Dirección Nacional de Vialidad,11951,4.2.2-10008.34,"OBRAS VIALIDAD NACIONAL; TIPO: REHABIL. Y MANT. INTEGRADO, DESCRIPCION: MALLA CREMA",168,SANTA FE,94293,GENERAL OBLIGADO,15836,AVELLANEDA
501-0010-OBR22,CONSERVACIÓN Y RESTAURACIÓN DEL EDIFICIO PARA LA NUEVA SEDE INSTITUCIONAL UNAB,501/000,501/000-Ministerio de Obras Públicas,364,364-Ministerio de Obras Públicas,13032,4.2.1-7003.11,CONST. CIVIL PRIVADA; DESCRIPCION: REMODELACION DE EDIFICIO,148,BUENOS AIRES,94105,ALMIRANTE BROWN,5072,BURZACO
74-0004-OBR22,Construcción de Centro de Visitantes y Mirador en el Parque Nacional Aconquija,74/00,74/00 - ADMINISTRACIÓN DE PARQUES NACIONALES - COORDINACIÓN DE CONTRATACIONES,107,107 - Administración de Parques Nacionales,13031,4.2.1-7003.58,CONST. CIVIL PRIVADA; DESCRIPCION: OBRA CIVIL,171,TUCUMAN,94189,CHICLIGASTA,17966,CONCEPCION
501-0012-OBR22,ANLIS DR. CARLOS MALBRÁN,501/000,501/000-Ministerio de Obras Públicas,364,364-Ministerio de Obras Públicas,13033,4.2.1-7003.11,CONST. CIVIL PRIVADA; DESCRIPCION: REMODELACION DE EDIFICIO,152,CIUDAD DE BUENOS AIRES,94212,COMUNA 4,8595,BARRACAS
501-0013-OBR22,IMPERMEABILIZACIÓN Y TRATAMIENTO DE FACHADAS - HOSPITAL DE PEDIATRÍA PROF. DR. JUAN P. GARRAHAN,501/000,501/000-Ministerio de Obras Públicas,364,364-Ministerio de Obras Públicas,13028,4.2.1-7003.11,CONST. CIVIL PRIVADA; DESCRIPCION: REMODELACION DE EDIFICIO,152,CIUDAD DE BUENOS AIRES,94212,COMUNA 4,8598,PARQUE PATRICIOS
74-0005-OBR22,Refacción y refuncionalizacion Centro de Visitantes en el Parque Nacional El Palmar,74/00,74/00 - ADMINISTRACIÓN DE PARQUES NACIONALES - COORDINACIÓN DE CONTRATACIONES,107,107 - Administración de Parques Nacionales,13051,4.2.1-7003.58,CONST. CIVIL PRIVADA; DESCRIPCION: OBRA CIVIL,155,ENTRE RIOS,94200,COLON,10861,UBAJAY
74-0006-OBR22,Construcción de 3 viviendas en la Reserva Natural San Antonio,74/00,74/00 - ADMINISTRACIÓN DE PARQUES NACIONALES - COORDINACIÓN DE CONTRATACIONES,107,107 - Administración de Parques Nacionales,13050,4.2.1-7003.58,CONST. CIVIL PRIVADA; DESCRIPCION: OBRA CIVIL,161,MISIONES,94292,GENERAL MANUEL BELGRANO,13469,SAN ANTONIO
46/14-0055-OBR22,ACCESO CANALIZADO – LOCALIDAD DE SAN JERÓNIMO - OBRA DE SEGURIDAD VIAL,46/14,46/14 - 14° San Luis - DNV,604,604 - Dirección Nacional de Vialidad,13042,4.2.2-10008.38,"OBRAS VIALIDAD NACIONAL; TIPO: OBRA DE SEGURIDAD, DESCRIPCION: INTERSECCION CANALIZADA",166,SAN LUIS,94093,JUAN MARTIN DE PUEYRREDON,15377,SAN JERONIMO
74-0001-OBR23,Construcción de 6 (Seis) Viviendas en el Parque Nacional Ciervos de los Pantanos,74/00,74/00 - ADMINISTRACIÓN DE PARQUES NACIONALES - COORDINACIÓN DE CONTRATACIONES,107,107 - Administración de Parques Nacionales,13061,4.2.1-7003.58,CONST. CIVIL PRIVADA; DESCRIPCION: OBRA CIVIL,148,BUENOS AIRES,94154,CAMPANA,5242,CAMPANA
74-0002-OBR23,Construcción de Sistema Cloacal en el Parque Nacional Campos del Tuyu,74/00,74/00 - ADMINISTRACIÓN DE PARQUES NACIONALES - COORDINACIÓN DE CONTRATACIONES,107,107 - Administración de Parques Nacionales,13090,4.2.1-7003.58,CONST. CIVIL PRIVADA; DESCRIPCION: OBRA CIVIL,148,BUENOS AIRES,94290,GENERAL LAVALLE,5009,GENERAL LAVALLE
46-0001-OBR23,"REPAVIMENTACIÓN R.N. N° 226, REPAVIMENTACIÓN Y RUTA SEGURA R.N. N°3. PROVINCIA DE BUENOS AIRES.",46/000,46/000 - Coordinación de Licitaciones y Contrataciones - DNV,604,604 - Dirección Nacional de Vialidad,11962,4.2.2-10008.17,"OBRAS VIALIDAD NACIONAL; TIPO: REHABILITACION DE RUTA, DESCRIPCION: REPAVIMENTACION",148,BUENOS AIRES,94126,AZUL,5571,AZUL
46-0002-OBR23,OBRAS RENOVACIÓN Y MEJORAMIENTO DEL SEÑALAMIENTO VERTICAL LATERAL Y AÉREO EN RUTAS NACIONALES VARIAS,46/000,46/000 - Coordinación de Licitaciones y Contrataciones - DNV,604,604 - Dirección Nacional de Vialidad,11854,4.2.2-10008.32,"OBRAS VIALIDAD NACIONAL; TIPO: MANT Y CONSERVACION MEJORATIVA, DESCRIPCION: SEÑALAMIENTO HORIZONTAL/VERTIC",152,CIUDAD DE BUENOS AIRES,94196,CIUDAD DE BUENOS AIRES,8585,CIUDAD DE BUENOS AIRES
46-0002-OBR23,OBRAS RENOVACIÓN Y MEJORAMIENTO DEL SEÑALAMIENTO VERTICAL LATERAL Y AÉREO EN RUTAS NACIONALES VARIAS,46/000,46/000 - Coordinación de Licitaciones y Contrataciones - DNV,604,604 - Dirección Nacional de Vialidad,13088,4.2.2-10008.32,"OBRAS VIALIDAD NACIONAL; TIPO: MANT Y CONSERVACION MEJORATIVA, DESCRIPCION: SEÑALAMIENTO HORIZONTAL/VERTIC",152,CIUDAD DE BUENOS AIRES,94196,CIUDAD DE BUENOS AIRES,8585,CIUDAD DE BUENOS AIRES
46-0003-OBR23,RUTA NACIONAL N° 136 – ENTRE RÍOS,46/000,46/000 - Coordinación de Licitaciones y Contrataciones - DNV,604,604 - Dirección Nacional de Vialidad,13063,4.2.2-10008.17,"OBRAS VIALIDAD NACIONAL; TIPO: REHABILITACION DE RUTA, DESCRIPCION: REPAVIMENTACION",155,ENTRE RIOS,94315,GUALEGUAYCHU,10831,GUALEGUAYCHU
46-0003-OBR23,RUTA NACIONAL N° 136 – ENTRE RÍOS,46/000,46/000 - Coordinación de Licitaciones y Contrataciones - DNV,604,604 - Dirección Nacional de Vialidad,13064,4.2.2-10008.17,"OBRAS VIALIDAD NACIONAL; TIPO: REHABILITACION DE RUTA, DESCRIPCION: REPAVIMENTACION",155,ENTRE RIOS,94315,GUALEGUAYCHU,10831,GUALEGUAYCHU
46-0004-OBR23,"AUTOPISTA RUTA NACIONAL N°7. ADECUACIÓN TRAVESÍA URBANA DE JUNÍN. TRAMO, Km. 258 – Km. 259,35.",46/000,46/000 - Coordinación de Licitaciones y Contrataciones - DNV,604,604 - Dirección Nacional de Vialidad,13075,4.2.2-10008.1,"OBRAS VIALIDAD NACIONAL; TIPO: AUTOPISTAS Y AUTOVIAS, DESCRIPCION: CONSTR. 2ª CALZADA P/AUTOPISTA",148,BUENOS AIRES,94346,JUNIN,6439,JUNIN
46-0004-OBR23,"AUTOPISTA RUTA NACIONAL N°7. ADECUACIÓN TRAVESÍA URBANA DE JUNÍN. TRAMO, Km. 258 – Km. 259,35.",46/000,46/000 - Coordinación de Licitaciones y Contrataciones - DNV,604,604 - Dirección Nacional de Vialidad,13080,4.2.2-10008.1,"OBRAS VIALIDAD NACIONAL; TIPO: AUTOPISTAS Y AUTOVIAS, DESCRIPCION: CONSTR. 2ª CALZADA P/AUTOPISTA",148,BUENOS AIRES,94346,JUNIN,6439,JUNIN
46/13-0005-OBR23,"OBRA DE CONSERVACION MEJORATIVA RUTA NACIONAL N° 25 SECCIÓN: KM. 165,22 - KM. 191,53.",46/13,46/13 - 13° Chubut - DNV,604,604 - Dirección Nacional de Vialidad,13098,4.2.2-10008.17,"OBRAS VIALIDAD NACIONAL; TIPO: REHABILITACION DE RUTA, DESCRIPCION: REPAVIMENTACION",151,CHUBUT,94398,MARTIRES,8533,ALTO DE LAS PLUMAS
46-0006-OBR23,OBRA: REPAVIMENTACIÓN RUTA NACIONAL N° 3 -TRAMO: CAÑUELAS - SAN MIGUEL DEL MONTE.,46/000,46/000 - Coordinación de Licitaciones y Contrataciones - DNV,604,604 - Dirección Nacional de Vialidad,13095,4.2.2-10008.17,"OBRAS VIALIDAD NACIONAL; TIPO: REHABILITACION DE RUTA, DESCRIPCION: REPAVIMENTACION",148,BUENOS AIRES,94156,CAÑUELAS,5257,CAÑUELAS
46-0007-OBR23,OBRA MEJORATIVA Y DE MANTENIMIENTO SISTEMA MODULAR - RUTA NACIONAL N° 205 y RUTA NACIONAL N° 226,46/000,46/000 - Coordinación de Licitaciones y Contrataciones - DNV,604,604 - Dirección Nacional de Vialidad,10647,4.2.2-10008.30,"OBRAS VIALIDAD NACIONAL; TIPO: MANT Y CONSERVACION MEJORATIVA, DESCRIPCION: SISTEMA MODULAR",148,BUENOS AIRES,94495,SALADILLO,6863,CAZON
46-0007-OBR23,OBRA MEJORATIVA Y DE MANTENIMIENTO SISTEMA MODULAR - RUTA NACIONAL N° 205 y RUTA NACIONAL N° 226,46/000,46/000 - Coordinación de Licitaciones y Contrataciones - DNV,604,604 - Dirección Nacional de Vialidad,13089,4.2.2-10008.30,"OBRAS VIALIDAD NACIONAL; TIPO: MANT Y CONSERVACION MEJORATIVA, DESCRIPCION: SISTEMA MODULAR",148,BUENOS AIRES,94495,SALADILLO,6863,CAZON
46/17-0008-OBR23,"OBRA DE CONSERVACIÓN MEJORATIVA RUTA NACIONAL N° 127  (KM 228,66 a KM 260,37)",46/17,46/17 - 17° Entre Rios - DNV,604,604 - Dirección Nacional de Vialidad,13066,4.2.2-10008.24,"OBRAS VIALIDAD NACIONAL; TIPO: MANT Y CONSERVACION MEJORATIVA, DESCRIPCION: MANT. DE PUENTES/ALCANTARILLAS",155,ENTRE RIOS,94257,FEDERACION,10707,MIÑONES
46/12-0009-OBR23,"Mantenimiento y reparación de puentes - RN 231: KM 17,12 (s/Río Pireco), KM 21,26 (s/ Río Pereyra I)",46/12,46/12 - 12° Neuquen - DNV,604,604 - Dirección Nacional de Vialidad,13104,4.2.2-10008.24,"OBRAS VIALIDAD NACIONAL; TIPO: MANT Y CONSERVACION MEJORATIVA, DESCRIPCION: MANT. DE PUENTES/ALCANTARILLAS",162,NEUQUEN,94382,LOS LAGOS,13736,VILLA LA ANGOSTURA
46-0010-OBR23,REPAVIMENTACIÓN EN RN N° 3. TRAMO: CAÑUELAS – SAN MIGUEL DEL MONTE,46/000,46/000 - Coordinación de Licitaciones y Contrataciones - DNV,604,604 - Dirección Nacional de Vialidad,13074,4.2.2-10008.17,"OBRAS VIALIDAD NACIONAL; TIPO: REHABILITACION DE RUTA, DESCRIPCION: REPAVIMENTACION",148,BUENOS AIRES,94410,MONTE,6675,SAN MIGUEL DEL MONTE
46-0010-OBR23,REPAVIMENTACIÓN EN RN N° 3. TRAMO: CAÑUELAS – SAN MIGUEL DEL MONTE,46/000,46/000 - Coordinación de Licitaciones y Contrataciones - DNV,604,604 - Dirección Nacional de Vialidad,13074,4.2.2-10008.17,"OBRAS VIALIDAD NACIONAL; TIPO: REHABILITACION DE RUTA, DESCRIPCION: REPAVIMENTACION",148,BUENOS AIRES,94156,CAÑUELAS,5257,CAÑUELAS
46-0010-OBR23,REPAVIMENTACIÓN EN RN N° 3. TRAMO: CAÑUELAS – SAN MIGUEL DEL MONTE,46/000,46/000 - Coordinación de Licitaciones y Contrataciones - DNV,604,604 - Dirección Nacional de Vialidad,13077,4.2.2-10008.17,"OBRAS VIALIDAD NACIONAL; TIPO: REHABILITACION DE RUTA, DESCRIPCION: REPAVIMENTACION",148,BUENOS AIRES,94410,MONTE,6675,SAN MIGUEL DEL MONTE
46-0010-OBR23,REPAVIMENTACIÓN EN RN N° 3. TRAMO: CAÑUELAS – SAN MIGUEL DEL MONTE,46/000,46/000 - Coordinación de Licitaciones y Contrataciones - DNV,604,604 - Dirección Nacional de Vialidad,13077,4.2.2-10008.17,"OBRAS VIALIDAD NACIONAL; TIPO: REHABILITACION DE RUTA, DESCRIPCION: REPAVIMENTACION",148,BUENOS AIRES,94156,CAÑUELAS,5257,CAÑUELAS
46/19-0011-OBR23,OBRA CONSTRUCCION DE CALZADA RUTA PROVINCIAL Nº 31,46/19,46/19 - 1° Buenos Aires - DNV,604,604 - Dirección Nacional de Vialidad,13107,4.2.2-10008.11,"OBRAS VIALIDAD NACIONAL; TIPO: CONSTRUCCION Y RECONSTRUCCION, DESCRIPCION: OBRA BASICA Y PAVIMENTO",148,BUENOS AIRES,94503,SAN ANTONIO DE ARECO,6913,SAN ANTONIO DE ARECO
46/13-0012-OBR23,"OBRA DE CONSERVACIÓN MEJORATIVA RNN° 25. LAS CHAPAS - LAS PLUMAS. KM 199,32 - 207,14.",46/13,46/13 - 13° Chubut - DNV,604,604 - Dirección Nacional de Vialidad,13099,4.2.2-10008.17,"OBRAS VIALIDAD NACIONAL; TIPO: REHABILITACION DE RUTA, DESCRIPCION: REPAVIMENTACION",151,CHUBUT,94398,MARTIRES,8538,LAS PLUMAS
46/13-0013-OBR23,"OBRA DE CONSERVACIÓN MEJORATIVA RN N° 40 - PROVINCIA DEL CHUBUT. KM. 1324,69 - KM. 1367,81",46/13,46/13 - 13° Chubut - DNV,604,604 - Dirección Nacional de Vialidad,13072,4.2.2-10008.17,"OBRAS VIALIDAD NACIONAL; TIPO: REHABILITACION DE RUTA, DESCRIPCION: REPAVIMENTACION",151,CHUBUT,94480,RIO SENGUER,8564,RIO MAYO
46/16-0014-OBR23,"Iluminación Rotonda Bandera RNN98 (Km 226,31) - Lte. Sta. Fe/Sgo. del Estero - Bandera",46/16,46/16 - 16° Santiago del Estero - DNV,604,604 - Dirección Nacional de Vialidad,13115,4.2.2-10008.33,"OBRAS VIALIDAD NACIONAL; TIPO: MANT Y CONSERVACION MEJORATIVA, DESCRIPCION: OTROS TIPOS RESOLUCION 2141/17",169,SANTIAGO DEL ESTERO,94135,BELGRANO,17125,BANDERA
46-0015-OBR23,VIALIDAD,46/000,46/000 - Coordinación de Licitaciones y Contrataciones - DNV,604,604 - Dirección Nacional de Vialidad,11983,4.2.2-10008.11,"OBRAS VIALIDAD NACIONAL; TIPO: CONSTRUCCION Y RECONSTRUCCION, DESCRIPCION: OBRA BASICA Y PAVIMENTO",148,BUENOS AIRES,94598,VILLARINO,5512,MEDANOS
46-0015-OBR23,VIALIDAD,46/000,46/000 - Coordinación de Licitaciones y Contrataciones - DNV,604,604 - Dirección Nacional de Vialidad,11983,4.2.2-10008.11,"OBRAS VIALIDAD NACIONAL; TIPO: CONSTRUCCION Y RECONSTRUCCION, DESCRIPCION: OBRA BASICA Y PAVIMENTO",158,LA PAMPA,94152,CALEU CALEU,12314,LA ADELA
46/17-0016-OBR23,"Tareas de mantenimiento en Puente sobre A° La Ensenada -Ruta Nacional N° 131, Entre Ríos-",46/17,46/17 - 17° Entre Rios - DNV,604,604 - Dirección Nacional de Vialidad,13123,4.2.2-10008.24,"OBRAS VIALIDAD NACIONAL; TIPO: MANT Y CONSERVACION MEJORATIVA, DESCRIPCION: MANT. DE PUENTES/ALCANTARILLAS",155,ENTRE RIOS,94240,DIAMANTE,10682,VILLA LIBERTADOR SAN MARTIN
46-0017-OBR23,"Ruta Nacional N° 8 Autopista: Pilar – Pergamino, Tramo: IIB, en la Provincia de Buenos Aires.",46/000,46/000 - Coordinación de Licitaciones y Contrataciones - DNV,604,604 - Dirección Nacional de Vialidad,13076,4.2.2-10008.3,"OBRAS VIALIDAD NACIONAL; TIPO: AUTOPISTAS Y AUTOVIAS, DESCRIPCION: CONSTR. AUTOPISTA TRAZA NUEVA",148,BUENOS AIRES,94503,SAN ANTONIO DE ARECO,6913,SAN ANTONIO DE ARECO
46-0017-OBR23,"Ruta Nacional N° 8 Autopista: Pilar – Pergamino, Tramo: IIB, en la Provincia de Buenos Aires.",46/000,46/000 - Coordinación de Licitaciones y Contrataciones - DNV,604,604 - Dirección Nacional de Vialidad,13079,4.2.2-10008.3,"OBRAS VIALIDAD NACIONAL; TIPO: AUTOPISTAS Y AUTOVIAS, DESCRIPCION: CONSTR. AUTOPISTA TRAZA NUEVA",148,BUENOS AIRES,94503,SAN ANTONIO DE ARECO,6913,SAN ANTONIO DE ARECO
46-0017-OBR23,"Ruta Nacional N° 8 Autopista: Pilar – Pergamino, Tramo: IIB, en la Provincia de Buenos Aires.",46/000,46/000 - Coordinación de Licitaciones y Contrataciones - DNV,604,604 - Dirección Nacional de Vialidad,13105,4.2.2-10008.3,"OBRAS VIALIDAD NACIONAL; TIPO: AUTOPISTAS Y AUTOVIAS, DESCRIPCION: CONSTR. AUTOPISTA TRAZA NUEVA",148,BUENOS AIRES,94503,SAN ANTONIO DE ARECO,6913,SAN ANTONIO DE ARECO
46/19-0018-OBR23,AMPLIACIÓN Y MEJORA DEL DISTRIBUIDOR EN CRUCE CON RUTA PROVINCIAL Nº 41.,46/19,46/19 - 1° Buenos Aires - DNV,604,604 - Dirección Nacional de Vialidad,13100,4.2.2-10008.39,"OBRAS VIALIDAD NACIONAL; TIPO: OBRA DE SEGURIDAD, DESCRIPCION: ADECUACION DE INTERSECCION",148,BUENOS AIRES,94503,SAN ANTONIO DE ARECO,6913,SAN ANTONIO DE ARECO
46-0019-OBR23,MALLA 405-A. RUTA NACIONAL N° 89,46/000,46/000 - Coordinación de Licitaciones y Contrataciones - DNV,604,604 - Dirección Nacional de Vialidad,11990,4.2.2-10008.34,"OBRAS VIALIDAD NACIONAL; TIPO: REHABIL. Y MANT. INTEGRADO, DESCRIPCION: MALLA CREMA",150,CHACO,94606,12 DE octubre,8228,GENERAL PINEDO
46-0019-OBR23,MALLA 405-A. RUTA NACIONAL N° 89,46/000,46/000 - Coordinación de Licitaciones y Contrataciones - DNV,604,604 - Dirección Nacional de Vialidad,11990,4.2.2-10008.34,"OBRAS VIALIDAD NACIONAL; TIPO: REHABIL. Y MANT. INTEGRADO, DESCRIPCION: MALLA CREMA",150,CHACO,94606,12 DE octubre,8226,GANCEDO
46-0019-OBR23,MALLA 405-A. RUTA NACIONAL N° 89,46/000,46/000 - Coordinación de Licitaciones y Contrataciones - DNV,604,604 - Dirección Nacional de Vialidad,11990,4.2.2-10008.34,"OBRAS VIALIDAD NACIONAL; TIPO: REHABIL. Y MANT. INTEGRADO, DESCRIPCION: MALLA CREMA",169,SANTIAGO DEL ESTERO,94416,MORENO,17392,QUIMILI
46-0021-OBR23,"REPAVIMENTACIÓN Y RUTA SEGURA EN RUTA NACIONAL N° 3, TRAMO: AZUL – CORONEL DORREGO",46/000,46/000 - Coordinación de Licitaciones y Contrataciones - DNV,604,604 - Dirección Nacional de Vialidad,11715,4.2.2-10008.17,"OBRAS VIALIDAD NACIONAL; TIPO: REHABILITACION DE RUTA, DESCRIPCION: REPAVIMENTACION",148,BUENOS AIRES,94126,AZUL,5571,AZUL
46-0021-OBR23,"REPAVIMENTACIÓN Y RUTA SEGURA EN RUTA NACIONAL N° 3, TRAMO: AZUL – CORONEL DORREGO",46/000,46/000 - Coordinación de Licitaciones y Contrataciones - DNV,604,604 - Dirección Nacional de Vialidad,13102,4.2.2-10008.17,"OBRAS VIALIDAD NACIONAL; TIPO: REHABILITACION DE RUTA, DESCRIPCION: REPAVIMENTACION",148,BUENOS AIRES,94126,AZUL,5571,AZUL
46-0022-OBR23,CONSTRUCCIÓN DE BANQUINAS PAVIMENTADAS Y CARRILES DE SOBREPASO EN RUTA NACIONAL N° 226,46/000,46/000 - Coordinación de Licitaciones y Contrataciones - DNV,604,604 - Dirección Nacional de Vialidad,13134,4.2.2-10008.13,"OBRAS VIALIDAD NACIONAL; TIPO: CONSTRUCCION Y RECONSTRUCCION, DESCRIPCION: PAVIMENTACION DE RUTA",148,BUENOS AIRES,94128,BALCARCE,5624,BALCARCE
501-0001-OBR23,MHN MONUMENTO A LA BANDERA,501/000,501/000-Ministerio de Obras Públicas,364,364-Ministerio de Obras Públicas,13124,4.2.1-7003.11,CONST. CIVIL PRIVADA; DESCRIPCION: REMODELACION DE EDIFICIO,168,SANTA FE,94489,ROSARIO,16074,ROSARIO
501-0002-OBR23,Ex CCDTyE CAMPO DE MAYO. Espacio de Memoria y Promoción de los DDHH,501/000,501/000-Ministerio de Obras Públicas,364,364-Ministerio de Obras Públicas,13133,4.2.1-7003.33,CONST. CIVIL PRIVADA; DESCRIPCION: CONSTRUCCION DE LOCAL,148,BUENOS AIRES,94529,SAN MIGUEL,6951,CAMPO DE MAYO