procedimiento_numero,uoc_codigo,uoc_descripcion,organismo_codigo_saf,organismo_nombre,expediente_procedimiento_numero,numero_obra,nombre_obra,ues_nombre,plazo_ejecucion_obra,plazo_ejecucion_obra_tipo,latitud_1,longitud_1,latitud_2,longitud_2
81-0040-LPU17,81/0,81/100 - DIRECCIÓN GENERAL DE ADMINISTRACIÓN,325,325 - Ministerio del Interior,9924,81-0009-OBR18,PALACIO NACIONAL DE LAS ARTES - PALAIS DE GLACE,2026,18,4,-34.585722,-58.389361,,
74-0013-LPU18,74/0,74/00 - ADMINISTRACIÓN DE PARQUES NACIONALES - COORDINACIÓN DE CONTRATACIONES,107,107 - Administración de Parques Nacionales,9968,74-0011-OBR18,Mejoramiento y reparacion Camino Acceso Cerro Tronador - PN Nahuel Huapi,4369,550,2,-41.212333,-71.305491,,
279-0009-LPU18,279/0,279/000 - Departamento de Compras - PSA,382,382 - Policia de Seguridad Aeroportuaria,9981,279-0001-OBR19,Construcción de cinco aulas para el ISSA sito en Ezeiza Buenos Aires,1762,2,4,-34.789194,-58.526504,,
81-0021-LPU18,81/0,81/100 - DIRECCIÓN GENERAL DE ADMINISTRACIÓN,325,325 - Ministerio del Interior,9983,81-0001-OBR19,Construcción de oficinas del Estado Nacional 1° etapa,2026,10,4,-34.555826,-58.509577,,
81-0021-LPU18,81/0,81/100 - DIRECCIÓN GENERAL DE ADMINISTRACIÓN,325,325 - Ministerio del Interior,9982,81-0001-OBR19,Construcción de oficinas del Estado Nacional 1° etapa,2026,10,4,-34.555826,-58.509577,,
279-0010-LPU18,279/0,279/000 - Departamento de Compras - PSA,382,382 - Policia de Seguridad Aeroportuaria,9998,279-0002-OBR19,Impermeabilización y reparación integral de las cubiertas del Edificio ex Base Aeronaval Ezeiza,1762,3,4,-34.800327,-58.52327,,
451-0016-LPU18,451/0,451/000 - Dirección de Contrataciones,327,327 - Ministerio de Transporte,9996,451-0001-OBR19,METROBUS RUTA 8 - 2DA ETAPA,2030,5,1,-34.575689,-58.548221,-34.56234,-58.58586
279-0005-LPU18,279/0,279/000 - Departamento de Compras - PSA,382,382 - Policia de Seguridad Aeroportuaria,10001,279-0003-OBR19,"Impermeabilización y reparación de la cubierta del Edificio UOESA, sito en Ezeiza Buenos Aires",1762,,,,,,
451-0001-LPU19,451/0,451/000 - Dirección de Contrataciones,327,327 - Ministerio de Transporte,10014,451-0002-OBR19,METROBUS FLORENCIO VARELA,2030,,,,,,
39-0016-LPU18,39/0,39 - Dirección General de Administración- PNA,380,380 - Prefectura Naval Argentina,10040,39-0001-OBR19,CONSTRUCCIÓN DE UN EDIFICIO PARA EL POLO LOGÍSTICO POSADAS.,3333,360,2,-27.2139,-55.5312,,
81-0037-LPU17,81/0,81/100 - DIRECCIÓN GENERAL DE ADMINISTRACIÓN,325,325 - Ministerio del Interior,10051,81-0002-OBR19,SALADO IV - TRAMOS 3 Y 4,4249,36,4,-54.321327,-54.321327,,
81-0037-LPU17,81/0,81/100 - DIRECCIÓN GENERAL DE ADMINISTRACIÓN,325,325 - Ministerio del Interior,10052,81-0003-OBR19,SALADO IV - TRAMOS 3 Y 4,4249,36,4,-54.321327,-54.321327,,
39-0030-LPU18,39/0,39 - Dirección General de Administración- PNA,380,380 - Prefectura Naval Argentina,10060,39-0002-OBR19,"AMPLIACION Y REMODELACION DE BAÑOS Y VESTUARIOS CUADRA ALFA/BRAVO, EN LOS INSTITUTOS DE FORMACION",3333,244,2,-34.051843,-59.012643,,
14-0019-LPU18,14/0,14 - Compras y Contrataciones - CNEA,105,105 - Comisión Nacional de Energía Atómica,10097,14-0001-OBR19,"CONSTRUCCION DE OFICINAS Y LOCALES NIVEL + 8,00 TANDAR",3058,200,1,-34.572725,-58.511821,,
39-0031-LPU18,39/0,39 - Dirección General de Administración- PNA,380,380 - Prefectura Naval Argentina,10136,39-0003-OBR19,CONSTRUCCIÓN DE UN (1) EDIFICIO PARA LA PREFECTURA ITATÍ,3333,300,2,27.16,58.1456,,
81/9-0020-CDI19,81/9,81/9 - Recursos Hídricos,325,325 - Ministerio del Interior,10161,81/9-0004-OBR19,OPERACIÓN Y MANTENIMIENTO DEL SISTEMA NACIONAL DE RADARES METEOROLOGICOS - SINARAME,1888,36,4,-34.800861,-58.515583,,
46/1-0069-LPU19,46/1,46/01 - 19° Bahía Blanca - DNV,604,604 - Dirección Nacional de Vialidad,10236,46/1-0001-OBR20,"ALTEO Y RECONST. DE LA CALZADA RNNº 3-TRAMO CNEL. DORREGO-EMP. RNNº 249 KM 607,56-KM 608,63",1877,3,4,-38.794689,-61.414091,,
46/17-0036-LPU19,46/17,46/17 - 17° Entre Rios - DNV,604,604 - Dirección Nacional de Vialidad,10255,46/17-0002-OBR20,RN 12 -BACHEO CON MEZCLA BITUMINOSA TIPO CONCRETO ASFÁLTICO EN CALIENTE.,1875,4,4,-32.385244,-59.787535,-32.039866,-60.268501
74-0020-LPU19,74/0,74/00 - ADMINISTRACIÓN DE PARQUES NACIONALES - COORDINACIÓN DE CONTRATACIONES,107,107 - Administración de Parques Nacionales,10284,74-0001-OBR20,Construcción de Galpón - Taller en el Parque Nacional Lihue Calel,4369,6,4,-38.003958,-65.594947,,
46-0004-LPU19,46/0,46/000 - Coordinación de Licitaciones y Contrataciones - DNV,604,604 - Dirección Nacional de Vialidad,10288,46-0003-OBR20,PROYECTO: RUTA NACIONAL N° 12.  ACCESO PARANÁ – SAN BENITO POR AUTOPISTA.  OBRA: VINCULACIÓN RUTA NACIONAL N° 12 CON AV. CIRCUNVALACIÓN DE PARANÁ.  RUTA NACIONAL N° 12.  TRAMO: PUENTE S/ A° SAUCESITO – AV. ALMAFUERTE.  PROVINCIA DE ENTRE RÍOS.  ,1875,24,4,-31.792261,-60.453945,-31.759076,-60.477751
46/8-0072-LPU19,46/8,46/08 - 8° La Rioja - DNV,604,604 - Dirección Nacional de Vialidad,10290,46/8-0004-OBR20,R.N. N° 79; TRAMO: OLTA – CHAMICAL EMP. RN38; BACHEO SUPERFICIAL,1866,2,4,30.6297222,66.2694444,30.3602777,66.305
46/8-0095-LPU19,46/8,46/08 - 8° La Rioja - DNV,604,604 - Dirección Nacional de Vialidad,10291,46/8-0005-OBR20,R.N. Nº 79; TRAMO: EMP. R.N. 38 – LTE. LA RIOJA/CATAMARCA; BACHEO SUPERFICIAL,1866,2,4,30.3380555,66.3358333,29.8652777,65.6611111
46/12-0074-LPU19,46/12,46/12 - 12° Neuquen - DNV,604,604 - Dirección Nacional de Vialidad,10286,46/12-0006-OBR20,"Obra de conservación mejorativa ""Ejecución de bacheo y microaglomerado asfáltico en frío RN Nº 237""""",1870,3,4,-40.261506,-70.363115,-40.375638,-70.467362
46/8-0086-LPU19,46/8,46/08 - 8° La Rioja - DNV,604,604 - Dirección Nacional de Vialidad,10289,46/8-0007-OBR20,R.N. Nº 141; TRAMO: CHEPES - LTE. LA RIOJA/SAN JUAN; BACHEO SUPERFICIAL,1866,2,4,31.3411111,66.7558333,31.4169444,66.6877777
34-0006-LPU19,34/0,34/000 - Dirección General de Administración - MHA,357,357 - Ministerio de Economía,10302,34-0001-OBR20,Adecuación del edificio de la calle Alsina 470 CABA para reubicar el Tribunal Fiscal de la Nación,4705,4,4,-34.609296,-34.609296,-58.370213,-58.370213
40/31-0066-LPU20,40/31,40/031 - OUC INFRA,381,381 - Estado Mayor General de La Fuerza Aérea,10345,40/31-0001-OBR20,REPARACIÓN GENERAL Y MODERNIZACIÓN ASCENSOR N° 8 (MONTACARGAS) - EDIFICIO ALAS - C.A.B.A.,1971,150,2,-34.599167,-58.372771,,
40/31-0066-LPU20,40/31,40/031 - OUC INFRA,381,381 - Estado Mayor General de La Fuerza Aérea,10346,40/31-0001-OBR20,REPARACIÓN GENERAL Y MODERNIZACIÓN ASCENSOR N° 8 (MONTACARGAS) - EDIFICIO ALAS - C.A.B.A.,1971,150,2,-34.599167,-58.372771,,
40/31-0066-LPU20,40/31,40/031 - OUC INFRA,381,381 - Estado Mayor General de La Fuerza Aérea,10347,40/31-0001-OBR20,REPARACIÓN GENERAL Y MODERNIZACIÓN ASCENSOR N° 8 (MONTACARGAS) - EDIFICIO ALAS - C.A.B.A.,1971,150,2,-34.599167,-58.372771,,
40/31-0061-LPU20,40/31,40/031 - OUC INFRA,381,381 - Estado Mayor General de La Fuerza Aérea,10353,40/31-0002-OBR20,REPARACION PARCIAL ALA OESTE - CENTRO CIVICO - ETAPA I - GUARNICION AEREA CORDOBA - PCIA. DE CORDOBA,1971,120,2,-31.433035,-64.275141,,
46/13-0055-LPU20,46/13,46/13 - 13° Chubut - DNV,604,604 - Dirección Nacional de Vialidad,10403,46/13-0001-OBR21,OBRA DE CONSERVACIÓN MEJORATIVA RNN° 25 - TRAMO: TRELEW - EMP. RNN° 3 - LAS CHAPAS.,1871,3,4,-43.2601,-65.3807,-43.298219,-65.793492
14-0007-LPU20,14/0,14 - Compras y Contrataciones - CNEA,105,105 - Comisión Nacional de Energía Atómica,10397,14-0001-OBR21,CONSTRUCCIÓN Y MONTAJE DE CUBIERTA METÁLICA PARA RECINTO DEL ACELERADOR DE IONES DEL CAC - GAIYANN,3058,60,1,-34.573061,-58.512734,,
46/13-0087-LPU20,46/13,46/13 - 13° Chubut - DNV,604,604 - Dirección Nacional de Vialidad,10410,46/13-0002-OBR21,OBRA DE CONSERVACIÓN MEJORATIVA RNN° 40 - PROVINCIA DE CHUBUT - TRAMO: EMP. RN26 - LOS TAMARISCOS.,1871,3,4,-45.366343,-69.921434,-45.030308,-70.026501
46/11-0056-LPU20,46/11,46/11 - 11° Catamarca - DNV,604,604 - Dirección Nacional de Vialidad,10433,46/11-0003-OBR21,VIALIDAD NACIONAL,1869,8,4,-27.098604,-66.636825,-26.99787,-66.25564
46/11-0057-LPU20,46/11,46/11 - 11° Catamarca - DNV,604,604 - Dirección Nacional de Vialidad,10434,46/11-0004-OBR21,VIALIDAD NACIONAL,1869,8,4,-26.996627,-67.723601,-26.831883,-66.090928
74-0025-LPU20,74/0,74/00 - ADMINISTRACIÓN DE PARQUES NACIONALES - COORDINACIÓN DE CONTRATACIONES,107,107 - Administración de Parques Nacionales,10441,74-0001-OBR21,Refacción y mejoramiento del Edificio Intendencia Parque Nacional Ciervos de los Pantanos,4369,150,2,-54.341326,-54.5854,,
46/14-0088-LPU19,46/14,46/14 - 14° San Luis - DNV,604,604 - Dirección Nacional de Vialidad,10438,46/14-0005-OBR21,ACCESO CANALIZADO - LOCALIDAD DE NOGOLI,1872,6,4,-32.923828,-66.38086,,
46/14-0085-LPU19,46/14,46/14 - 14° San Luis - DNV,604,604 - Dirección Nacional de Vialidad,10437,46/14-0006-OBR21,REFUERZO DE PILAS EN PUENTE LOS CORRALES,1872,6,4,-32.375821,-66.024193,,
74-0004-LPU21,74/0,74/00 - ADMINISTRACIÓN DE PARQUES NACIONALES - COORDINACIÓN DE CONTRATACIONES,107,107 - Administración de Parques Nacionales,10485,74-0002-OBR21,Refuncionalizacion Ex Hotel Majestic - Etapa 1,4369,60,1,34.6086111,-58.390555,,
501-0006-LPU20,501/0,501/000-Ministerio de Obras Públicas,364,364-Ministerio de Obras Públicas,10482,501-0001-OBR21,MHN - CASA DEL PUENTE - CASA SOBRE EL ARROYO,4694,12,4,-38.008736,-57.573673,,
46/18-0009-LPU21,46/18,46/18 - 18° Chaco - DNV,604,604 - Dirección Nacional de Vialidad,10506,46/18-0007-OBR21,RUTA NACIONAL Nº11 – EMPALME RP56 ILUMINACIÓN DE INTERSECCIÓN CANALIZADA. Provincia del Chaco,1773,6,4,-27.066666,-58.7,,
14-0022-LPU20,14/0,14 - Compras y Contrataciones - CNEA,105,105 - Comisión Nacional de Energía Atómica,10509,14-0002-OBR21,PINTURA EPOXI DE LOS EDIFICIOS DEL PROYECTO RA-10,3087,24,4,-34.8308,-58.5634,,
46/18-0008-LPU21,46/18,46/18 - 18° Chaco - DNV,604,604 - Dirección Nacional de Vialidad,10507,46/18-0008-OBR21,CONSTRUCCIÓN DE ALCANTARILLA DE LUCES MULTIPLES - RUTA NACIONAL Nº 89 - Provincia del Chaco. Tr: Gra,1773,6,4,-27.390403,-61.388029,,
74-0003-LPU21,74/0,74/00 - ADMINISTRACIÓN DE PARQUES NACIONALES - COORDINACIÓN DE CONTRATACIONES,107,107 - Administración de Parques Nacionales,10511,74-0003-OBR21,Construcción de Sanitarios en el Parque Nacional El Palmar,4369,240,1,31.8530556,58.319222,,
46/19-0068-LPU20,46/19,46/19 - 1° Buenos Aires - DNV,604,604 - Dirección Nacional de Vialidad,10498,46/19-0009-OBR21,"PROVISION Y COLOCACION DE LAS PASARELAS PEATONALES en RN.N° 8 - Km 83,12 y Km 95 - Pcia. Bs As.",1859,3,4,-34.361944,-59.187055,-30.308861,-59.330472
46/19-0055-LPU21,46/19,46/19 - 1° Buenos Aires - DNV,604,604 - Dirección Nacional de Vialidad,10504,46/19-0010-OBR21,REPARACION DE VIGA y PROV. Y COLOC. DE PORTICO LIMITADOR DE ALTURA. PTE. S/ LAS FLORES - AVELLANEDA,1859,4,4,-34.694849,-58.306691,,
46/19-0068-LPU21,46/19,46/19 - 1° Buenos Aires - DNV,604,604 - Dirección Nacional de Vialidad,10523,46/19-0011-OBR21,REACONDICIONAMIENTO SISTEMA DE ILUMINACION ROTONDA RN 3 Y RP 6 CAÑUELAS PCIA. DE BUENOS AIRES,1859,2,4,-35.01961,-58.747301,,
46/15-0030-LPU21,46/15,46/15 - 15° Misiones - DNV,604,604 - Dirección Nacional de Vialidad,10530,46/15-0012-OBR21,"Construcción de Pasarela Peatonal-RN Nº14-Prog.:871,70 Oberá-Misiones",1773,4,4,-27.507245,-55.128704,,
46/19-0088-LPU21,46/19,46/19 - 1° Buenos Aires - DNV,604,604 - Dirección Nacional de Vialidad,10534,46/19-0013-OBR21,ARQUITECTURA,1859,6,4,-34.637,-58.357,,
46/9-0028-LPU21,46/9,46/09 - 9° San Juan - DNV,604,604 - Dirección Nacional de Vialidad,10528,46/9-0014-OBR21,"Demolición y reconstrucción de alcantarilla, mejoramiento de cauce y obras complementarias.-",1773,6,4,-31.573506,-69.446891,,
14-0009-LPU20,14/0,14 - Compras y Contrataciones - CNEA,105,105 - Comisión Nacional de Energía Atómica,10540,14-0003-OBR21,CONSTRUCCIÓN DEPOSITO PARA EDIFICIO Nº 51 DEL C.A.C. - GCCN,3085,40,1,-34.572705,-58.515113,,
46/13-0109-LPU20,46/13,46/13 - 13° Chubut - DNV,604,604 - Dirección Nacional de Vialidad,10539,46/13-0015-OBR21,PUESTA EN VALOR DE LAS INSTALACIONES CAMPAMENTO TECKA - 13º Distrito – Chubut,1871,10,4,-43.498881,-70.805456,,
46/19-0118-LPU21,46/19,46/19 - 1° Buenos Aires - DNV,604,604 - Dirección Nacional de Vialidad,10542,46/19-0016-OBR21,VIALIDAD,1859,4,4,-35.130228,-62.817381,-35.035563,-62.987394
46/11-0081-LPU20,46/11,46/11 - 11° Catamarca - DNV,604,604 - Dirección Nacional de Vialidad,10550,46/11-0017-OBR21,VIALIDAD,1869,9,4,-27.549817,-67.004474,-27.273594,-67.004474
46/11-0060-LPU20,46/11,46/11 - 11° Catamarca - DNV,604,604 - Dirección Nacional de Vialidad,10549,46/11-0018-OBR21,REHABILITACIÓN Y CONSTRUCCIÓN DE OBRAS DE ARTE Y REPARACIÓN DE ASENTAMIENTOS DE CALZADA Y BANQUINAS,1869,12,4,-28.47231,-65.635907,-28.15268,-65.655847
74-0013-LPU21,74/0,74/00 - ADMINISTRACIÓN DE PARQUES NACIONALES - COORDINACIÓN DE CONTRATACIONES,107,107 - Administración de Parques Nacionales,10556,74-0004-OBR21,Const. de Sede Administrativa - Sub. Coord. Reg. Sur (DNIN) y Dirección Reg. Patagonia Austral (DNC),4369,150,2,-50.3375,72.2736,,
46-0012-LPU21,46/0,46/000 - Coordinación de Licitaciones y Contrataciones - DNV,604,604 - Dirección Nacional de Vialidad,10562,46-0019-OBR21,OBRA: CONSERVACIÓN MEJORATIVA - BACHEO Y CONSTRUCCIÓN DE CARPETA  CON MEZCLA ASFÁLTICA EN CALIENTE - ,1881,12,4,-45.997381,-67.597003,-46.428164,-67.521386
14-0015-LPU20,14/0,14 - Compras y Contrataciones - CNEA,105,105 - Comisión Nacional de Energía Atómica,10490,14-0004-OBR21,OBRA AMPLIACION DE EDIFICIO DE PROPIEDADES MECANICAS Nº3  - GAIYANN,3058,14,4,-41.119327,-71.415816,,
46/11-0002-LPU21,46/11,46/11 - 11° Catamarca - DNV,604,604 - Dirección Nacional de Vialidad,10560,46/11-0020-OBR21,VIALIDAD NACIONAL,1869,8,4,-29.1039,-65.088205,,
46/11-0082-LPU20,46/11,46/11 - 11° Catamarca - DNV,604,604 - Dirección Nacional de Vialidad,10567,46/11-0021-OBR21,RECONSTRUCCIÓN DE CALZADA Y DEFENSAS RUTA NACIONAL Nº 60 FIAMBALÁ – LAS ANGOSTURAS,1869,6,4,-27.605638,-67.701849,-26.869642,-68.286181
46/11-0120-LPU21,46/11,46/11 - 11° Catamarca - DNV,604,604 - Dirección Nacional de Vialidad,10574,46/11-0022-OBR21,VIALIDAD,1869,8,4,-28.505183,-65.782791,-28.46807,-65.695214
46-0104-LPU20,46/0,46/000 - Coordinación de Licitaciones y Contrataciones - DNV,604,604 - Dirección Nacional de Vialidad,10576,46-0023-OBR21,OBRA: CONSERVACIÓN MEJORATIVA – SISTEMA MODULAR - RUTA NACIONAL N° 60 – PROVINCIA DE CATAMARCA,1869,24,4,-28.068055,-67.569816,-26.913358,-68.12413
46-0093-LPU20,46/0,46/000 - Coordinación de Licitaciones y Contrataciones - DNV,604,604 - Dirección Nacional de Vialidad,10585,46-0024-OBR21,"Obras de Seguridad Vial, Señalamiento Horizontal, Vertical y Elementos de Seguridad en la Red Vial",1773,24,4,-26.482986,-65.130334,,
46-0094-LPU20,46/0,46/000 - Coordinación de Licitaciones y Contrataciones - DNV,604,604 - Dirección Nacional de Vialidad,10584,46-0025-OBR21,"Obras de Seguridad Vial, Señalamiento Horizontal, Vertical y Elementos de Seguridad en la Red Vial",1773,24,4,-31.363767,-60.415026,,
46-0092-LPU20,46/0,46/000 - Coordinación de Licitaciones y Contrataciones - DNV,604,604 - Dirección Nacional de Vialidad,10575,46-0026-OBR21,"OBRA: “Obras de Seguridad Vial, Señalamiento Horizontal, Vertical y Elementos de Seguridad en la Red",1877,24,4,-38.430332,-62.155489,,
46-0096-LPU20,46/0,46/000 - Coordinación de Licitaciones y Contrataciones - DNV,604,604 - Dirección Nacional de Vialidad,10578,46-0027-OBR21,"OBRAS DE SEGURIDAD VIAL, SEÑALAMIENTO HORIZONTAL, VERTICAL Y ELEMENTOS DE SEGURIDAD en la Red Vial",1860,24,4,-31.251252,-64.111964,,
74-0021-LPU21,74/0,74/00 - ADMINISTRACIÓN DE PARQUES NACIONALES - COORDINACIÓN DE CONTRATACIONES,107,107 - Administración de Parques Nacionales,10589,74-0005-OBR21,Reconstruccion de cubierta de techos del Centro de Visitantes - PN Quebrada del Condorito,4369,60,2,-54.31232,-54.642749,,
40/31-0054-LPU21,40/31,40/031 - OUC INFRA,381,381 - Estado Mayor General de La Fuerza Aérea,10590,40/31-0001-OBR21,REPARACION PARCIAL EDIFICO Nº 17 - SUBMURACION LAVADERO MECANICO E.S.F.A. - ETAPA I - PCIA. CORDOBA,1971,60,2,-31.432671,-64.257141,,
46-0020-LPU21,46/0,46/000 - Coordinación de Licitaciones y Contrataciones - DNV,604,604 - Dirección Nacional de Vialidad,10596,46-0028-OBR21,"Obras de Seguridad Vial, Señalamiento Horizontal, Vertical y Elementos de Seguridad en la Red Vial",1859,24,4,-34.392726,-58.312183,,
46-0076-LPU20,46/0,46/000 - Coordinación de Licitaciones y Contrataciones - DNV,604,604 - Dirección Nacional de Vialidad,10599,46-0029-OBR21,"OBRA DE CONSERVACIÓN MEJORATIVA: ""FRESADO, BACHEO Y EJECUCIÓN DE CARPETA DE CONCRETO ASFÁLTICO MODIF",1870,12,4,-40.375639,-70.467322,-40.437078,-70.652339
46/19-0090-LPU21,46/19,46/19 - 1° Buenos Aires - DNV,604,604 - Dirección Nacional de Vialidad,10600,46/19-0030-OBR21,VIALIDAD,1859,6,4,-34.76027,-58.615992,-34.922601,-58.721525
46-0103-LPU20,46/0,46/000 - Coordinación de Licitaciones y Contrataciones - DNV,604,604 - Dirección Nacional de Vialidad,10604,46-0031-OBR21,OBRA DE CONSERVACIÓN MEJORATIVA - RUTA NACIONAL N°52 - PROVINCIA DE JUJUY,1864,12,4,-23.602636,-66.772091,-23.226516,-67.062944
501-0004-LPU21,501/0,501/000-Ministerio de Obras Públicas,364,364-Ministerio de Obras Públicas,10603,501-0002-OBR21,Restauración y Puesta en Valor del Hotel N°1 Embalse Provincia de Córdoba,4694,12,4,-32.204378,-64.559393,,
46-0085-LPU20,46/0,46/000 - Coordinación de Licitaciones y Contrataciones - DNV,604,604 - Dirección Nacional de Vialidad,10606,46-0032-OBR21,OBRA DE CONSERVACIÓN MEJORATIVA. RUTA NACIONAL N° 25 - PROVINCIA DEL CHUBUT.,1871,24,4,-43.795478,-67.576903,-43.865258,-68.445956
46-0084-LPU20,46/0,46/000 - Coordinación de Licitaciones y Contrataciones - DNV,604,604 - Dirección Nacional de Vialidad,10609,46-0033-OBR21,OBRA DE CONSERVACIÓN DE RUTINA - SISTEMA MODULAR - PROVINCIA DE RÍO NEGRO - RUTA NACIONAL N° 251,1878,48,4,-39.052122,-64.422489,-40.712778,-65.002647
501-0011-LPU21,501/0,501/000-Ministerio de Obras Públicas,364,364-Ministerio de Obras Públicas,10616,501-0003-OBR21,Programa MAS - Etapa II,4694,12,4,-34.52812,-58.473816,,
501-0011-LPU21,501/0,501/000-Ministerio de Obras Públicas,364,364-Ministerio de Obras Públicas,10616,501-0003-OBR21,Programa MAS - Etapa II,4694,12,4,-34.575752,-58.537096,,
501-0011-LPU21,501/0,501/000-Ministerio de Obras Públicas,364,364-Ministerio de Obras Públicas,10616,501-0003-OBR21,Programa MAS - Etapa II,4694,12,4,-34.655861,-58.616721,,
501-0011-LPU21,501/0,501/000-Ministerio de Obras Públicas,364,364-Ministerio de Obras Públicas,10616,501-0003-OBR21,Programa MAS - Etapa II,4694,12,4,-34.677589,-58.561691,,
501-0011-LPU21,501/0,501/000-Ministerio de Obras Públicas,364,364-Ministerio de Obras Públicas,10616,501-0003-OBR21,Programa MAS - Etapa II,4694,12,4,-34.872986,-58.474915,,
501-0011-LPU21,501/0,501/000-Ministerio de Obras Públicas,364,364-Ministerio de Obras Públicas,10616,501-0003-OBR21,Programa MAS - Etapa II,4694,12,4,-34.661075,-58.366973,,
501-0011-LPU21,501/0,501/000-Ministerio de Obras Públicas,364,364-Ministerio de Obras Públicas,10616,501-0003-OBR21,Programa MAS - Etapa II,4694,12,4,-34.920494,-57.953565,,
501-0011-LPU21,501/0,501/000-Ministerio de Obras Públicas,364,364-Ministerio de Obras Públicas,10620,501-0004-OBR21,Programa MAS - Etapa II,4694,12,4,-34.920494,-57.953565,,
501-0011-LPU21,501/0,501/000-Ministerio de Obras Públicas,364,364-Ministerio de Obras Públicas,10620,501-0004-OBR21,Programa MAS - Etapa II,4694,12,4,-34.661075,-58.366973,,
501-0011-LPU21,501/0,501/000-Ministerio de Obras Públicas,364,364-Ministerio de Obras Públicas,10620,501-0004-OBR21,Programa MAS - Etapa II,4694,12,4,-34.872986,-58.474915,,
501-0011-LPU21,501/0,501/000-Ministerio de Obras Públicas,364,364-Ministerio de Obras Públicas,10620,501-0004-OBR21,Programa MAS - Etapa II,4694,12,4,-34.677589,-58.561691,,
501-0011-LPU21,501/0,501/000-Ministerio de Obras Públicas,364,364-Ministerio de Obras Públicas,10620,501-0004-OBR21,Programa MAS - Etapa II,4694,12,4,-34.575752,-58.537096,,
501-0011-LPU21,501/0,501/000-Ministerio de Obras Públicas,364,364-Ministerio de Obras Públicas,10620,501-0004-OBR21,Programa MAS - Etapa II,4694,12,4,-34.655861,-58.616721,,
501-0011-LPU21,501/0,501/000-Ministerio de Obras Públicas,364,364-Ministerio de Obras Públicas,10620,501-0004-OBR21,Programa MAS - Etapa II,4694,12,4,-34.52812,-58.473816,,
501-0011-LPU21,501/0,501/000-Ministerio de Obras Públicas,364,364-Ministerio de Obras Públicas,10619,501-0005-OBR21,Programa MAS - Etapa II,4694,12,4,-34.52812,-58.473816,,
501-0011-LPU21,501/0,501/000-Ministerio de Obras Públicas,364,364-Ministerio de Obras Públicas,10619,501-0005-OBR21,Programa MAS - Etapa II,4694,12,4,-34.575752,-58.537096,,
501-0011-LPU21,501/0,501/000-Ministerio de Obras Públicas,364,364-Ministerio de Obras Públicas,10619,501-0005-OBR21,Programa MAS - Etapa II,4694,12,4,-34.655861,-58.616721,,
501-0011-LPU21,501/0,501/000-Ministerio de Obras Públicas,364,364-Ministerio de Obras Públicas,10619,501-0005-OBR21,Programa MAS - Etapa II,4694,12,4,-34.677589,-58.561691,,
501-0011-LPU21,501/0,501/000-Ministerio de Obras Públicas,364,364-Ministerio de Obras Públicas,10619,501-0005-OBR21,Programa MAS - Etapa II,4694,12,4,-34.872986,-58.474915,,
501-0011-LPU21,501/0,501/000-Ministerio de Obras Públicas,364,364-Ministerio de Obras Públicas,10619,501-0005-OBR21,Programa MAS - Etapa II,4694,12,4,-34.661075,-58.366973,,
501-0011-LPU21,501/0,501/000-Ministerio de Obras Públicas,364,364-Ministerio de Obras Públicas,10619,501-0005-OBR21,Programa MAS - Etapa II,4694,12,4,-34.920494,-57.953565,,
501-0011-LPU21,501/0,501/000-Ministerio de Obras Públicas,364,364-Ministerio de Obras Públicas,10617,501-0006-OBR21,Programa MAS - Etapa II,4694,12,4,-34.920494,-57.953565,,
501-0011-LPU21,501/0,501/000-Ministerio de Obras Públicas,364,364-Ministerio de Obras Públicas,10617,501-0006-OBR21,Programa MAS - Etapa II,4694,12,4,-34.661075,-58.366973,,
501-0011-LPU21,501/0,501/000-Ministerio de Obras Públicas,364,364-Ministerio de Obras Públicas,10617,501-0006-OBR21,Programa MAS - Etapa II,4694,12,4,-34.872986,-58.474915,,
501-0011-LPU21,501/0,501/000-Ministerio de Obras Públicas,364,364-Ministerio de Obras Públicas,10617,501-0006-OBR21,Programa MAS - Etapa II,4694,12,4,-34.677589,-58.561691,,
501-0011-LPU21,501/0,501/000-Ministerio de Obras Públicas,364,364-Ministerio de Obras Públicas,10617,501-0006-OBR21,Programa MAS - Etapa II,4694,12,4,-34.655861,-58.616721,,
501-0011-LPU21,501/0,501/000-Ministerio de Obras Públicas,364,364-Ministerio de Obras Públicas,10617,501-0006-OBR21,Programa MAS - Etapa II,4694,12,4,-34.575752,-58.537096,,
501-0011-LPU21,501/0,501/000-Ministerio de Obras Públicas,364,364-Ministerio de Obras Públicas,10617,501-0006-OBR21,Programa MAS - Etapa II,4694,12,4,-34.52812,-58.473816,,
46-0032-LPU21,46/0,46/000 - Coordinación de Licitaciones y Contrataciones - DNV,604,604 - Dirección Nacional de Vialidad,10613,46-0034-OBR21,OBRA: CONSERVACIÓN MEJORATIVA - BACHEO Y EJECUCIÓN DE CARPETA CON MEZCLA ASFÁLTICA EN CALIENTE,1882,18,4,-54.491967,-67.181383,-54.615108,-67.426208
501-0011-LPU21,501/0,501/000-Ministerio de Obras Públicas,364,364-Ministerio de Obras Públicas,10618,501-0007-OBR21,Programa MAS - Etapa II,4694,12,4,-34.52812,-58.473816,,
501-0011-LPU21,501/0,501/000-Ministerio de Obras Públicas,364,364-Ministerio de Obras Públicas,10618,501-0007-OBR21,Programa MAS - Etapa II,4694,12,4,-34.575752,-58.537096,,
501-0011-LPU21,501/0,501/000-Ministerio de Obras Públicas,364,364-Ministerio de Obras Públicas,10618,501-0007-OBR21,Programa MAS - Etapa II,4694,12,4,-34.655861,-58.616721,,
501-0011-LPU21,501/0,501/000-Ministerio de Obras Públicas,364,364-Ministerio de Obras Públicas,10618,501-0007-OBR21,Programa MAS - Etapa II,4694,12,4,-34.677589,-58.561691,,
501-0011-LPU21,501/0,501/000-Ministerio de Obras Públicas,364,364-Ministerio de Obras Públicas,10618,501-0007-OBR21,Programa MAS - Etapa II,4694,12,4,-34.872986,-58.474915,,
501-0011-LPU21,501/0,501/000-Ministerio de Obras Públicas,364,364-Ministerio de Obras Públicas,10618,501-0007-OBR21,Programa MAS - Etapa II,4694,12,4,-34.661075,-58.366973,,
501-0011-LPU21,501/0,501/000-Ministerio de Obras Públicas,364,364-Ministerio de Obras Públicas,10618,501-0007-OBR21,Programa MAS - Etapa II,4694,12,4,-34.920494,-57.953565,,
501-0011-LPU21,501/0,501/000-Ministerio de Obras Públicas,364,364-Ministerio de Obras Públicas,10621,501-0008-OBR21,Programa MAS - Etapa II,4694,12,4,-34.920494,-57.953565,,
501-0011-LPU21,501/0,501/000-Ministerio de Obras Públicas,364,364-Ministerio de Obras Públicas,10621,501-0008-OBR21,Programa MAS - Etapa II,4694,12,4,-34.661075,-58.366973,,
501-0011-LPU21,501/0,501/000-Ministerio de Obras Públicas,364,364-Ministerio de Obras Públicas,10621,501-0008-OBR21,Programa MAS - Etapa II,4694,12,4,-34.872986,-58.474915,,
501-0011-LPU21,501/0,501/000-Ministerio de Obras Públicas,364,364-Ministerio de Obras Públicas,10621,501-0008-OBR21,Programa MAS - Etapa II,4694,12,4,-34.677589,-58.561691,,
501-0011-LPU21,501/0,501/000-Ministerio de Obras Públicas,364,364-Ministerio de Obras Públicas,10621,501-0008-OBR21,Programa MAS - Etapa II,4694,12,4,-34.655861,-58.616721,,
501-0011-LPU21,501/0,501/000-Ministerio de Obras Públicas,364,364-Ministerio de Obras Públicas,10621,501-0008-OBR21,Programa MAS - Etapa II,4694,12,4,-34.575752,-58.537096,,
501-0011-LPU21,501/0,501/000-Ministerio de Obras Públicas,364,364-Ministerio de Obras Públicas,10621,501-0008-OBR21,Programa MAS - Etapa II,4694,12,4,-34.52812,-58.473816,,
46/13-0135-LPU21,46/13,46/13 - 13° Chubut - DNV,604,604 - Dirección Nacional de Vialidad,10627,46/13-0035-OBR21,"OBRA DE CONSERVACIÓN MEJORATIVA RNN°25, TRAMO: GAIMAN - DOLAVON.",1871,4,4,-43.299456,-65.715728,,
14-0008-LPU21,14/0,14 - Compras y Contrataciones - CNEA,105,105 - Comisión Nacional de Energía Atómica,10628,14-0005-OBR21,REFACCIÓN Y REACONDICIONAMIENTO SOTANO DEL EDIFICIO N°42 - GAIYANN,3085,100,1,-34.573431,-58.512416,,
501-0032-CDI21,501/0,501/000-Ministerio de Obras Públicas,364,364-Ministerio de Obras Públicas,10634,501-0009-OBR21,Sistema Nacional de Radares Meteorológicos Etapa III,4694,30,4,-27.49026,-56.687025,,
14-0027-LPU21,14/0,14 - Compras y Contrataciones - CNEA,105,105 - Comisión Nacional de Energía Atómica,10633,14-0006-OBR21,PUESTA EN VALOR DEL LABORATORIO DE EMPAQUE DE LA PLANTA DE PRODUCCION DE RADIOISOTOPOS DEL CAE-GAATN,3087,45,1,-34.823677,-58.574222,,
46/4-0161-LPU21,46/4,46/04 - 4° Mendoza - DNV,604,604 - Dirección Nacional de Vialidad,10636,46/4-0036-OBR21,"RUTA NACIONAL Nº 40; PROVINCIA DE MENDOZA, TRAMO: TUNUYÁN – ANCHORIS, SECCIÓN: EMP. RP 86 (I) [KM 32",1862,18,4,-33.340285,-68.92233,-33.288692,-68.904881
34-0016-LPU21,34/0,34/000 - Dirección General de Administración - MHA,357,357 - Ministerio de Economía,10637,34-0001-OBR21,ARQUITECTURA,4705,6,4,-34.60878,-58.370386,,
46-0133-LPU21,46/0,46/000 - Coordinación de Licitaciones y Contrataciones - DNV,604,604 - Dirección Nacional de Vialidad,10669,46-0001-OBR22,OBRA DE RECONSTRUCCIÓN DE CALZADA DESCENDENTE AU EZEIZA CAÑUELAS - TRAMO: PUENTE PÉRGOLA,1859,6,4,-35.015,-58.74,,
46/19-0145-LPU21,46/19,46/19 - 1° Buenos Aires - DNV,604,604 - Dirección Nacional de Vialidad,10608,46/19-0002-OBR22,Vialidad,1859,4,4,-35.490516,-63.00153,-35.130228,-62.817381
46-0134-LPU21,46/0,46/000 - Coordinación de Licitaciones y Contrataciones - DNV,604,604 - Dirección Nacional de Vialidad,10690,46-0003-OBR22,"VARIANTE CAÑUELAS. AU EZEIZA CAÑUELAS (58,72) A R.N. N° 3 (KM 68,30) ACCESO A CAÑUELAS",1859,24,4,-35.01,-58.75,,
46-0131-LPU21,46/0,46/000 - Coordinación de Licitaciones y Contrataciones - DNV,604,604 - Dirección Nacional de Vialidad,10689,46-0004-OBR22,Obra Ruta Nacional N° 33 - Repavimentación y Banquinas.,1773,24,4,-35,-63,,
46/18-0095-LPU21,46/18,46/18 - 18° Chaco - DNV,604,604 - Dirección Nacional de Vialidad,10694,46/18-0005-OBR22,OBRA DE CONSERVACIÓN MEJOTATIVA EN LA RUTA NACIONAL N° 95 – PROVINCIA DE CHACO. TRAMO: EMPALME RUTA,1876,3,4,26.656497,-60.349919,26.339508,-60.302553
46-0165-LPU21,46/0,46/000 - Coordinación de Licitaciones y Contrataciones - DNV,604,604 - Dirección Nacional de Vialidad,10700,46-0006-OBR22,"OBRA: RUTA NACIONAL N° 3 - OBRAS FALTANTES - TRAMO: KM. 1867 – KM. 1908,60",1881,30,4,-46.076525,-67.628974,-46.437094,-67.541104
46/6-0124-LPU21,46/6,46/06 - 6° Jujuy - DNV,604,604 - Dirección Nacional de Vialidad,11704,46/6-0007-OBR22,Obras de Seguridad - Travesía Urbana: Acceso Canalizado B° Papa Francisco - Pcia. de Jujuy.,1864,4,4,-23.789602,-64.784312,,
46/4-0147-LPU21,46/4,46/04 - 4° Mendoza - DNV,604,604 - Dirección Nacional de Vialidad,11711,46/4-0008-OBR22,"OBRA FRESADO, BACHEO Y CARPETA ACCESO SUR",1862,4,4,-33.040744,-68.866935,-32.970904,-68.843422
501-0019-LPU21,501/0,501/000-Ministerio de Obras Públicas,364,364-Ministerio de Obras Públicas,11702,501-0001-OBR22,EX BIBLIOTECA NACIONAL,4694,18,4,0.123456,0.123456,,
501-0019-LPU21,501/0,501/000-Ministerio de Obras Públicas,364,364-Ministerio de Obras Públicas,11702,501-0001-OBR22,EX BIBLIOTECA NACIONAL,4694,18,4,-34.614959,-58.37624,,
501-0011-LPU21,501/0,501/000-Ministerio de Obras Públicas,364,364-Ministerio de Obras Públicas,10696,501-0002-OBR22,Programa MAS - Etapa II,4694,12,4,-34.920494,-57.953565,,
501-0011-LPU21,501/0,501/000-Ministerio de Obras Públicas,364,364-Ministerio de Obras Públicas,10696,501-0002-OBR22,Programa MAS - Etapa II,4694,12,4,-34.677589,-58.561691,,
501-0011-LPU21,501/0,501/000-Ministerio de Obras Públicas,364,364-Ministerio de Obras Públicas,10696,501-0002-OBR22,Programa MAS - Etapa II,4694,12,4,-34.872986,-58.474915,,
501-0011-LPU21,501/0,501/000-Ministerio de Obras Públicas,364,364-Ministerio de Obras Públicas,10696,501-0002-OBR22,Programa MAS - Etapa II,4694,12,4,-34.661075,-58.366973,,
501-0011-LPU21,501/0,501/000-Ministerio de Obras Públicas,364,364-Ministerio de Obras Públicas,10696,501-0002-OBR22,Programa MAS - Etapa II,4694,12,4,-34.52812,-58.473816,,
501-0011-LPU21,501/0,501/000-Ministerio de Obras Públicas,364,364-Ministerio de Obras Públicas,10696,501-0002-OBR22,Programa MAS - Etapa II,4694,12,4,-34.575752,-58.537096,,
501-0011-LPU21,501/0,501/000-Ministerio de Obras Públicas,364,364-Ministerio de Obras Públicas,10696,501-0002-OBR22,Programa MAS - Etapa II,4694,12,4,-34.655861,-58.616721,,
46-0025-LPU21,46/0,46/000 - Coordinación de Licitaciones y Contrataciones - DNV,604,604 - Dirección Nacional de Vialidad,10703,46-0009-OBR22,"OBRA MEJORATIVA Y DE MANTENIMIENTO SISTEMA MODULAR, Ruta Nacional N°188 Tramo: Junín - Gral Villegas",1859,18,4,-34.565848,-60.950623,-35.03567,-62.987486
46-0164-LPU21,46/0,46/000 - Coordinación de Licitaciones y Contrataciones - DNV,604,604 - Dirección Nacional de Vialidad,11713,46-0010-OBR22,"OBRA: RUTA NACIONAL N° 3 - OBRAS FALTANTES - TRAMO: RADA TILLY (KM. 1843,30) – KM. 1867",1871,24,4,-45.922055,-67.573255,-46.076525,-67.628974
501-0020-LPU21,501/0,501/000-Ministerio de Obras Públicas,364,364-Ministerio de Obras Públicas,11723,501-0003-OBR22,MHN Hotel N° 4 U.T. Chapadmalal,4694,12,4,-32.204378,-64.559393,,
501-0020-LPU21,501/0,501/000-Ministerio de Obras Públicas,364,364-Ministerio de Obras Públicas,11723,501-0003-OBR22,MHN Hotel N° 4 U.T. Chapadmalal,4694,12,4,0.123456,0.123456,,
501-0020-LPU21,501/0,501/000-Ministerio de Obras Públicas,364,364-Ministerio de Obras Públicas,11723,501-0003-OBR22,MHN Hotel N° 4 U.T. Chapadmalal,4694,12,4,-38.185375,-57.683254,,
14-0026-LPU21,14/0,14 - Compras y Contrataciones - CNEA,105,105 - Comisión Nacional de Energía Atómica,11733,14-0001-OBR22,PAVIMENTO CALLES DE ACCESO A SECTOR RA-3 - PLAYA DE ESTACIONAMIENTO Y CALLES - CAE GAATN,3087,7,4,0.123456,0.123456,,
46/16-0057-LPU21,46/16,46/16 - 16° Santiago del Estero - DNV,604,604 - Dirección Nacional de Vialidad,11743,46/16-0011-OBR22,OBRA DE CONSERVACION MEJORATIVA -RUTA NACIONAL Nº 89 - PROVINCIA DE SANTIAGO DEL ESTERO,1874,8,4,-27.656359,-62.408858,-27.515242,-61.71063
46/16-0057-LPU21,46/16,46/16 - 16° Santiago del Estero - DNV,604,604 - Dirección Nacional de Vialidad,11743,46/16-0011-OBR22,OBRA DE CONSERVACION MEJORATIVA -RUTA NACIONAL Nº 89 - PROVINCIA DE SANTIAGO DEL ESTERO,1874,12,4,-27.656359,-62.408858,-27.515242,-61.71063
14-0028-LPU21,14/0,14 - Compras y Contrataciones - CNEA,105,105 - Comisión Nacional de Energía Atómica,11732,14-0002-OBR22,CONSTRUCCION DE UN NUEVO EDIFICIO PARA LA GUARDIA DEL RA3 - CAE GAATN,3087,180,1,0.123456,0.123456,,
46/15-0141-LPU21,46/15,46/15 - 15° Misiones - DNV,604,604 - Dirección Nacional de Vialidad,11740,46/15-0012-OBR22,"DEMOLICIÓN Y RECONSTRUCCIÓN DE ALCANTARILLA SOBRE ARROYO SAN JOSÉ- RUTA NACIONAL N°14- PROG.: 790,29",1773,8,4,-27.750833,-55.784722,,
46/4-0128-LPU21,46/4,46/04 - 4° Mendoza - DNV,604,604 - Dirección Nacional de Vialidad,11745,46/4-0013-OBR22,FRESADO Y CARPETA RN40,1862,4,4,0.123456,0.123456,0.123456,0.123456
63-0007-LPU21,63/0,63/000 - Dirección de Contrataciones - ANSES II,850,850 - Administración Nacional de la Seguridad Social,11763,63-0001-OBR22,Edificios Jefatura Regional Conurbano l,4359,12,4,-34.575398,-58.535938,,
46/20-0277-LPU21,46/20,46/20 - 20° Río Negro - DNV,604,604 - Dirección Nacional de Vialidad,11781,46/20-0014-OBR22,"OBRA DE CONSERVACIÓN MEJORATIVA: ""EJECUCIÓN DE BACHEOS Y CARPETINES"" - RUTA NACIONAL Nº 22.",1878,3,4,-39.0869,-66.5215,-39.0789,-67.1569
46/13-0290-LPU21,46/13,46/13 - 13° Chubut - DNV,604,604 - Dirección Nacional de Vialidad,11787,46/13-0015-OBR22,": OBRA DE CONSERVACIÓN MEJORATIVA RN N° 25 - PROVINCIA DEL CHUBUT,KM. 191,53 - KM - KM. - KM. 199,32",1871,4,4,-43.684272,-67.203958,-43.65635,-67.2767
46/13-0285-LPU21,46/13,46/13 - 13° Chubut - DNV,604,604 - Dirección Nacional de Vialidad,11791,46/13-0016-OBR22,OBRA DE CONSERVACIÓN MEJORATIVA RUTA NACIONAL N° 25 PROVINCIA DE CHUBUT.,1871,4,4,-43.306006,-65.104064,-43.284644,-65.261875
46-0138-LPU21,46/0,46/000 - Coordinación de Licitaciones y Contrataciones - DNV,604,604 - Dirección Nacional de Vialidad,11794,46-0017-OBR22,"OBRA AUTOPISTA SAN MIGUEL DEL MONTE – GORCHS. RUTA NACIONAL N° 3 TRAMO KM 113,78 – KM 141,00",1859,36,4,-35.48,-58.85,,
46-0136-LPU21,46/0,46/000 - Coordinación de Licitaciones y Contrataciones - DNV,604,604 - Dirección Nacional de Vialidad,11785,46-0018-OBR22,"PROYECTO, OBRA RN N°3 - VARIANTE SAN MIGUEL DEL MONTE - TRAMO: KM 104.78 – KM 113.48",1859,30,4,-35.43,-58.84,,
46-0191-LPU21,46/0,46/000 - Coordinación de Licitaciones y Contrataciones - DNV,604,604 - Dirección Nacional de Vialidad,11754,46-0019-OBR22,"OBRA RUTA NACIONAL N° 5. REPAVIMENTACIÓN, ENSANCHE Y BANQUINAS.",1859,12,4,-36.012,-62.74,,
46-0187-LPU21,46/0,46/000 - Coordinación de Licitaciones y Contrataciones - DNV,604,604 - Dirección Nacional de Vialidad,11755,46-0020-OBR22,"OBRA MEJORA DE INTERSECCIÓN DE ACCESO A SIERRAS BAYAS - RUTA NACIONAL N°226 - KM 285,33.",1859,18,4,-36.92,-60.2,,
63-0015-LPU21,63/0,63/000 - Dirección de Contrataciones - ANSES II,850,850 - Administración Nacional de la Seguridad Social,11788,63-0002-OBR22,Edificios de la Jefatura Regional Noroeste,4359,12,4,-28.472892,-65.778333,,
14-0030-LPU21,14/0,14 - Compras y Contrataciones - CNEA,105,105 - Comisión Nacional de Energía Atómica,11802,14-0003-OBR22,CONSTRUCION REMODELACIÓN DE CUBIERTAS DE CUATRO (4) GALPONES DEL CENTRO ATÓMICO EZEIZA - GAATN,3087,4,4,-34.821944,-58.576186,,
46-0099-LPU21,46/0,46/000 - Coordinación de Licitaciones y Contrataciones - DNV,604,604 - Dirección Nacional de Vialidad,11776,46-0021-OBR22,"Reciclado del paquete estructural existente, restitución de base y carpeta de concreto asfáltico en caliente.",1865,10,4,-28.711055,-61.538166,-28.593027,-61.515694
46/16-0091-LPU21,46/16,46/16 - 16° Santiago del Estero - DNV,604,604 - Dirección Nacional de Vialidad,11836,46/16-0022-OBR22,"OBRA DE CONSERVACION MEJORATIVA R.N. Nº 89 -CONSTRUCCIÓN, REFACCIÓN Y AMPLIACIÓN DE ALCANTARILLAS",1874,12,4,-27.515242,-61.71063,-27.618635,-62.168442
46-0181-LPU21,46/0,46/000 - Coordinación de Licitaciones y Contrataciones - DNV,604,604 - Dirección Nacional de Vialidad,11830,46-0023-OBR22,"OBRA DE CONSERVACION MEJORATIVA - EJECUCION DE BACHEO Y CARPETA ASFALTICA EN 0,04 M DE ESPESOR",1862,12,4,-34.086203,-66.708821,-34.591671,-67.873621
46-0099-LPU20,46/0,46/000 - Coordinación de Licitaciones y Contrataciones - DNV,604,604 - Dirección Nacional de Vialidad,11832,46-0024-OBR22,OBRA DE CONSERVACIÓN MEJORATIVA - RUTA NACIONAL Nº 16 - PROVINCIA DE SALTA ,1863,12,4,-25.371944,-64.014444,-25.361388,-64.505833
46/18-0027-LPU22,46/18,46/18 - 18° Chaco - DNV,604,604 - Dirección Nacional de Vialidad,11834,46/18-0025-OBR22,OBRA DE CONSERVACIÓN MEJORATIVA-RUTA NACIONAL Nº 89–GRAL. PINEDO–LIM. C/ SANTIAGO DEL ESTERO-CHACO,1876,3,4,27.33611,-61.275499,27.5147222,-61.711389
34-0031-LPU21,34/0,34/000 - Dirección General de Administración - MHA,357,357 - Ministerio de Economía,11847,34-0001-OBR22,"Adecuación edilicia, redes, inst. eléctrica e inst. de aire acond. del piso 4 y 5 de Alsina 470",4705,4,4,-34.610507,-58.372867,,
46/18-0254-LPU21,46/18,46/18 - 18° Chaco - DNV,604,604 - Dirección Nacional de Vialidad,11843,46/18-0026-OBR22,CONSERVACIÓN MEJORATIVA - ILUMINACIÓN - TR: RN11 PCIA DEL CHACO - EMP RP90 - SEC: KM1.041,1876,6,4,-27.119939,-58.971428,,
46/18-0261-LPU21,46/18,46/18 - 18° Chaco - DNV,604,604 - Dirección Nacional de Vialidad,11844,46/18-0027-OBR22,RN N89-EMP. RP5. ILUMINACIÓN DE INTERSECCIÓN CANALIZADA,1876,6,4,-27.36009,-61.298954,,
14-0040-LPU21,14/0,14 - Compras y Contrataciones - CNEA,105,105 - Comisión Nacional de Energía Atómica,11845,14-0004-OBR22,PUESTA EN VALOR BAÑOS Y VESTUARIOS DE LA PLANTA DE PRODUCCIÓN DE RADIOISÓTOPOS DEL CAE - GAATN,3087,40,1,-34.823677,-58.574222,,
46/13-0014-LPU22,46/13,46/13 - 13° Chubut - DNV,604,604 - Dirección Nacional de Vialidad,11841,46/13-0028-OBR22,"OBRA DE CONSERVACIÓN MEJORATIVA RN N° 25 - PROVINCIA DEL CHUBUT KM. 143,57 - KM. 165,22.",1871,3,4,-43.636666,-66.641716,-43.705338,-66.881161
46-0251-LPU21,46/0,46/000 - Coordinación de Licitaciones y Contrataciones - DNV,604,604 - Dirección Nacional de Vialidad,11872,46-0029-OBR22,"OBRAS DE SEGURIDAD VIAL, SEÑALAMIENTO HORIZONTAL CON MATERIAL TERMOPLÁSTICO, de la Red Vial Nacional",1773,24,4,-38.430332,-62.155489,,
46-0098-LPU21,46/0,46/000 - Coordinación de Licitaciones y Contrataciones - DNV,604,604 - Dirección Nacional de Vialidad,11725,46-0030-OBR22,OBRA MEJORATIVA Y DE MANTENIMIENTO SISTEMA MODULAR - RUTA NACIONAL Nº 188.,1859,18,4,-35.037889,-62.989637,-35.054449,-64.264181
46-0101-LPU20,46/0,46/000 - Coordinación de Licitaciones y Contrataciones - DNV,604,604 - Dirección Nacional de Vialidad,11849,46-0031-OBR22,OBRA DE CONSERVACIÓN MEJORATIVA - RUTA NACIONAL Nº 16 - PROVINCIA DE SALTA - TRAMO: JOAQUIN V. GONZA,1863,12,4,-25.361388,-64.505833,-25.353055,-64.933611
46/3-0325-LPU21,46/3,46/03 - 3° Tucumán - DNV,604,604 - Dirección Nacional de Vialidad,11873,46/3-0032-OBR22,OBRA DE CONSERVACIÓN MEJORATIVA ACCESO NORTE A SAN MIGUEL DE TUCUMAN – EX RUTA NACIONAL Nº 9. PROVIN,1861,6,4,-26.792881,-65.205651,,
46-0123-LPU21,46/0,46/000 - Coordinación de Licitaciones y Contrataciones - DNV,604,604 - Dirección Nacional de Vialidad,11815,46-0033-OBR22,VIALIDAD,1869,72,4,-29.58073,-64.866296,-28.191889,-65.101141
46/3-0196-LPU21,46/3,46/03 - 3° Tucumán - DNV,604,604 - Dirección Nacional de Vialidad,11875,46/3-0034-OBR22,"OBRA DE CONSERVACION MEJORATIVA  RUTA NACIONAL No1V38 - PROVINCIA DE TUCUMAN  TRAMO: CONCEPCION – FAMAILLA  SECCION: Pte. s/Rio Balderrama (KM 763,45) – Emp. RN N°38 (KM 778,90)  ",1861,6,4,-27.044327,-65.382542,-27.169707,-65.42877
74-0002-LPU22,74/0,74/00 - ADMINISTRACIÓN DE PARQUES NACIONALES - COORDINACIÓN DE CONTRATACIONES,107,107 - Administración de Parques Nacionales,11876,74-0001-OBR22,"Completamiento de construcción de edificios, Intendencia, Taller y Viviendas en la Loc.de Jaramillo",4369,6,4,47.197222,67.142711,,
14-0037-LPU21,14/0,14 - Compras y Contrataciones - CNEA,105,105 - Comisión Nacional de Energía Atómica,11850,14-0005-OBR22,CONSTRUCCION EDIFICIO N° 17 - SEGUNDA ETAPA - GAEN,3085,200,1,-34.57261,-58.512789,,
14-0020-LPU21,14/0,14 - Compras y Contrataciones - CNEA,105,105 - Comisión Nacional de Energía Atómica,11801,14-0006-OBR22,CAMBIO DE CUBIERTA EN PABELLÓN 8 CAB - GAEN,3069,120,2,-41.117007,-71.414749,,
46/16-0093-LPU21,46/16,46/16 - 16° Santiago del Estero - DNV,604,604 - Dirección Nacional de Vialidad,11886,46/16-0035-OBR22,"BACHEO CON MEZCLA EN FRIO (incluido riego de liga); SELLADO DE GRIETAS Y FISURAS, RECONSTRUCCION DE BANQUINA CON REPOSICION PARCIAL DE MATERIAL GRANULAR. TRAMO: RIO SALADILLO – SANTIAGO DEL ESTERO",1874,8,4,-28.629718,-64.091818,-27.862197,-64.244354
46-0313-LPU21,46/0,46/000 - Coordinación de Licitaciones y Contrataciones - DNV,604,604 - Dirección Nacional de Vialidad,11893,46-0036-OBR22,RUTA NACIONAL N°9/34 – TRAMO: ROSARIO DE LA FRONTERA – LTE. SALTA/JUJUY.,1863,36,4,-25.7014,-64.943,,
46-0211-LPU21,46/0,46/000 - Coordinación de Licitaciones y Contrataciones - DNV,604,604 - Dirección Nacional de Vialidad,11867,46-0037-OBR22,OBRA RUTA NACIONAL N°3. AUTOPISTA FIN VARIANTE LAS FLORES – INTERSECCIÓN RP N° 30,1859,24,4,-36.0189,-59.07,,
46/3-0193-LPU21,46/3,46/03 - 3° Tucumán - DNV,604,604 - Dirección Nacional de Vialidad,11900,46/3-0038-OBR22,"OBRA: CONSTRUCCIÓN DE UMBRALES SOTERRADOS Y PROTECCIONES  RUTA NACIONAL Nº 65 – PROVINCIA DE TUCUMÁN  TRAMO: EMPALME R.N. 38 / LÍMITE TUCUMÁN - CATAMARCA  SECCIÓN: RÍO COCHUNA (KM 35,7)",1861,6,4,-27.322019,-65.91437,,
46-0005-LPU22,46/0,46/000 - Coordinación de Licitaciones y Contrataciones - DNV,604,604 - Dirección Nacional de Vialidad,11885,46-0039-OBR22,"REPAVIMENTACIÓN AU. EZEIZA - CAÑUELAS TRAMO KM 49,4 - KM 58,856",1859,15,4,-34.958,-58.675,,
501-0005-LPU21,501/0,501/000-Ministerio de Obras Públicas,364,364-Ministerio de Obras Públicas,11899,501-0004-OBR22,READECUACION DE LAS OBRAS DE EVACUACION DEL SISTEMA DE LA PICASA A LA CAÑADA DE LAS HORQUETAS,4694,18,4,-34.273722,-62.384823,,
46/1-0064-LPU22,46/1,46/01 - 19° Bahía Blanca - DNV,604,604 - Dirección Nacional de Vialidad,11927,46/1-0040-OBR22,"OBRA “SISTEMA DE ILUMINACIÓN R.N. N°33 - KM 282,78 - ACC. TRES LOMAS Y 30 DE AGOSTO”",1877,3,4,36.343831,62.677889,,
501-0013-LPU21,501/0,501/000-Ministerio de Obras Públicas,364,364-Ministerio de Obras Públicas,11935,501-0005-OBR22,Reforma Sanitarios - Hospital POSADAS.,4694,18,4,0.123456,0.123456,,
501-0013-LPU21,501/0,501/000-Ministerio de Obras Públicas,364,364-Ministerio de Obras Públicas,11935,501-0005-OBR22,Reforma Sanitarios - Hospital POSADAS.,4694,18,4,-34.630252,-58.577513,,
46-0153-LPU21,46/0,46/000 - Coordinación de Licitaciones y Contrataciones - DNV,604,604 - Dirección Nacional de Vialidad,11756,46-0041-OBR22,"OBRA DE REPAVIMENTACIÓN, RUTA SEGURA Y ENSANCHE DE PUENTES EXISTENTES, RUTA NACIONAL N° 193",1859,18,4,-34.15,-59.1,,
46/10-0294-LPU21,46/10,46/10 - 10° Corrientes - DNV,604,604 - Dirección Nacional de Vialidad,11934,46/10-0042-OBR22,REPARACIÓN DE MÉNSULAS DE HORMIGÓN DE TRAMOS ISOSTÁTICOS DEL PUENTE S/ RÍO CORRIENTES,1868,3,4,-29.48,-59.23,,
63-0093-LPU21,63/0,63/000 - Dirección de Contrataciones - ANSES II,850,850 - Administración Nacional de la Seguridad Social,11939,63-0003-OBR22,"Puesta en valor, remodelación, reparación, ampliación y/o adecuación de los edificios JRConurbano II",4359,12,4,-34.91256,-57.95565,,
46-0154-LPU21,46/0,46/000 - Coordinación de Licitaciones y Contrataciones - DNV,604,604 - Dirección Nacional de Vialidad,11884,46-0043-OBR22,"OBRA DE REPAVIMENTACIÓN, RUTA NACIONAL N° 9, TRAMO: CAMPANA – ROSARIO",1859,9,4,-34.15,-59.03,,
46-0155-LPU21,46/0,46/000 - Coordinación de Licitaciones y Contrataciones - DNV,604,604 - Dirección Nacional de Vialidad,11883,46-0044-OBR22,"OBRA RUTA NACIONAL N° 5. AUTOPISTA MERCEDES - INICIO VARIANTE SUIPACHA, TRAMO: KM. 104 - KM 124.",1859,36,4,-34.695,-59.4615,,
46/4-0065-LPU22,46/4,46/04 - 4° Mendoza - DNV,604,604 - Dirección Nacional de Vialidad,11972,46/4-0045-OBR22,"OBRA POR DELEGACIÓN DE FACULTADES: REPARACIÓN LOSAS H°, RNNº 40, PCIA. MENDOZA",1862,4,4,-32.871208,-68.816265,-32.830613,-68.806238
46-0001-LPU22,46/0,46/000 - Coordinación de Licitaciones y Contrataciones - DNV,604,604 - Dirección Nacional de Vialidad,11970,46-0046-OBR22,OBRA MEJORATIVA Y DE MANTENIMIENTO SISTEMA MODULAR - RUTA NACIONAL N° 188,1859,18,4,-33.387165,-60.218767,-33.914478,-60.568716
46/18-0135-LPU22,46/18,46/18 - 18° Chaco - DNV,604,604 - Dirección Nacional de Vialidad,11975,46/18-0047-OBR22,DEFENSA MARGEN IZQUIERDO RÍO BERMEJO PTE. LAVALLE,1876,4,4,-25.650831,-60.128022,,
46-0258-LPU21,46/0,46/000 - Coordinación de Licitaciones y Contrataciones - DNV,604,604 - Dirección Nacional de Vialidad,11967,46-0048-OBR22,"OBRAS DE SEGURIDAD VIAL, SEÑALAMIENTO HORIZONTAL CON MATERIAL TERMOPLÁSTICO, de la Red Vial Nacional",1773,24,4,-31.251252,-64.111964,,
74-0017-LPU22,74/0,74/00 - ADMINISTRACIÓN DE PARQUES NACIONALES - COORDINACIÓN DE CONTRATACIONES,107,107 - Administración de Parques Nacionales,11979,74-0002-OBR22,Construcción de Muelle en Ria Ajo - Parque Nacional Campos del Tuyu,4369,6,4,-36.670833,-57.586944,,
46-0004-LPU22,46/0,46/000 - Coordinación de Licitaciones y Contrataciones - DNV,604,604 - Dirección Nacional de Vialidad,11924,46-0049-OBR22,DUPLICACIÓN DE CALZADA RUTA NACIONAL N° 34 - Tramo: VARIANTE DE RAFAELA - EMP. RUTA PROVINCIAL N°13,1865,24,4,-31.123,-61.472,,
46-0190-LPU21,46/0,46/000 - Coordinación de Licitaciones y Contrataciones - DNV,604,604 - Dirección Nacional de Vialidad,11976,46-0050-OBR22,"OBRA DE CONSERVACIÓN MEJORATIVA: ""EJECUCIÓN DE CARPETA Y BACHEOS"" - RUTA NACIONAL Nº 151",1878,8,4,-38.912191,-68.019946,-38.03759,-67.917556
46/3-0101-LPU22,46/3,46/03 - 3° Tucumán - DNV,604,604 - Dirección Nacional de Vialidad,11984,46/3-0051-OBR22,OBRA DE CONSERVACIÓN MEJORATIVA R.N. N° 157 - PROV. DE TUCUMAN - TRAMO: BELLA VISTA - S. M. DE TUCUM,1861,6,4,-27.00781,-65.293036,,
46-0025-LPU22,46/0,46/000 - Coordinación de Licitaciones y Contrataciones - DNV,604,604 - Dirección Nacional de Vialidad,11957,46-0052-OBR22,OBRA: DISTRIBUIDOR ACCESO A JUAN ANCHORENA – RUTA NACIONAL N°8 AUTOPISTA PILAR - PERGAMINO,1859,8,4,-33.926,-60.385,,
46-0262-LPU21,46/0,46/000 - Coordinación de Licitaciones y Contrataciones - DNV,604,604 - Dirección Nacional de Vialidad,11988,46-0053-OBR22,VIALIDAD,1869,8,4,-27.718103,-67.157028,-27.710315,-67.108738
74-0014-LPU22,74/0,74/00 - ADMINISTRACIÓN DE PARQUES NACIONALES - COORDINACIÓN DE CONTRATACIONES,107,107 - Administración de Parques Nacionales,11987,74-0003-OBR22,Construcción de Galpón / Taller (ICE) - Parque Nacional Ciervos de los Pantanos,4369,8,4,-34.224722,-58.893333,,
501-0013-LPU22,501/0,501/000-Ministerio de Obras Públicas,364,364-Ministerio de Obras Públicas,12008,501-0006-OBR22,LHN CCD Faro de Punta Mogotes,4694,8,4,-38.091728,-57.544887,,
501-0023-LPU22,501/0,501/000-Ministerio de Obras Públicas,364,364-Ministerio de Obras Públicas,12007,501-0007-OBR22,MUSEO HISTÓRICO SARMIENTO. Nuevo espacio gastronómico y jardines,4694,9,4,-34.561013,-58.45658,,
46-0185-LPU21,46/0,46/000 - Coordinación de Licitaciones y Contrataciones - DNV,604,604 - Dirección Nacional de Vialidad,11951,46-0054-OBR22,MALLA RN11D. RUTA NACIONAL N°11 - PROVINCIAS DE SANTA FE Y CHACO.,1865,72,4,-27.466306,-59.04616,-29.096316,-59.641905
501-0031-LPU22,501/0,501/000-Ministerio de Obras Públicas,364,364-Ministerio de Obras Públicas,13027,501-0008-OBR22,"MAS Etapa III ""CONSTRUCCIÓN Y REHABILITACIÓN DE CORREDORES URBANOS EN EL GRAN BUENOS AIRES"".",4694,10,4,-34.52812,-58.473816,,
501-0031-LPU22,501/0,501/000-Ministerio de Obras Públicas,364,364-Ministerio de Obras Públicas,13025,501-0009-OBR22,"MAS Etapa III ""CONSTRUCCIÓN Y REHABILITACIÓN DE CORREDORES URBANOS EN EL GRAN BUENOS AIRES"".",4694,10,4,-34.52812,-58.473816,,
501-0017-LPU22,501/0,501/000-Ministerio de Obras Públicas,364,364-Ministerio de Obras Públicas,13032,501-0010-OBR22,CONSERVACIÓN Y RESTAURACIÓN DEL EDIFICIO PARA LA NUEVA SEDE INSTITUCIONAL UNAB,4694,18,4,-34.796055,-58.391752,,
74-0050-LPU22,74/0,74/00 - ADMINISTRACIÓN DE PARQUES NACIONALES - COORDINACIÓN DE CONTRATACIONES,107,107 - Administración de Parques Nacionales,13031,74-0004-OBR22,Construcción de Centro de Visitantes y Mirador en el Parque Nacional Aconquija,4369,6,4,-27.330733,-65.952087,,
501-0031-LPU22,501/0,501/000-Ministerio de Obras Públicas,364,364-Ministerio de Obras Públicas,13026,501-0011-OBR22,"MAS Etapa III ""CONSTRUCCIÓN Y REHABILITACIÓN DE CORREDORES URBANOS EN EL GRAN BUENOS AIRES"".",4694,10,4,-34.52812,-58.473816,,
501-0033-LPU22,501/0,501/000-Ministerio de Obras Públicas,364,364-Ministerio de Obras Públicas,13033,501-0012-OBR22,ANLIS DR. CARLOS MALBRÁN,4694,365,2,-34.61442,-58.432198,,
501-0011-LPU22,501/0,501/000-Ministerio de Obras Públicas,364,364-Ministerio de Obras Públicas,13028,501-0013-OBR22,IMPERMEABILIZACIÓN Y TRATAMIENTO DE FACHADAS - HOSPITAL DE PEDIATRÍA PROF. DR. JUAN P. GARRAHAN,4694,6,4,-34.630838,-58.395537,,
74-0045-LPU22,74/0,74/00 - ADMINISTRACIÓN DE PARQUES NACIONALES - COORDINACIÓN DE CONTRATACIONES,107,107 - Administración de Parques Nacionales,13051,74-0005-OBR22,Refacción y refuncionalizacion Centro de Visitantes en el Parque Nacional El Palmar,4369,5,4,-31.867395,-58.208655,,
74-0018-LPU22,74/0,74/00 - ADMINISTRACIÓN DE PARQUES NACIONALES - COORDINACIÓN DE CONTRATACIONES,107,107 - Administración de Parques Nacionales,13050,74-0006-OBR22,Construcción de 3 viviendas en la Reserva Natural San Antonio,4369,8,4,-26.093611,-54.269166,,
74-0010-LPU22,74/0,74/00 - ADMINISTRACIÓN DE PARQUES NACIONALES - COORDINACIÓN DE CONTRATACIONES,107,107 - Administración de Parques Nacionales,13049,74-0007-OBR22,Construcción de 2 Viviendas en la Localidad de Comandante Andresito - PN Iguazú,4369,6,4,-25.665862,-54.055895,,
501-0031-LPU22,501/0,501/000-Ministerio de Obras Públicas,364,364-Ministerio de Obras Públicas,13056,501-0014-OBR22,"MAS Etapa III ""CONSTRUCCIÓN Y REHABILITACIÓN DE CORREDORES URBANOS EN EL GRAN BUENOS AIRES"".",4694,10,4,-34.52812,-58.473816,,
501-0031-LPU22,501/0,501/000-Ministerio de Obras Públicas,364,364-Ministerio de Obras Públicas,13055,501-0015-OBR22,"MAS Etapa III ""CONSTRUCCIÓN Y REHABILITACIÓN DE CORREDORES URBANOS EN EL GRAN BUENOS AIRES"".",4694,10,4,-34.52812,-58.473816,,
46/14-0079-LPU21,46/14,46/14 - 14° San Luis - DNV,604,604 - Dirección Nacional de Vialidad,13042,46/14-0055-OBR22,ACCESO CANALIZADO – LOCALIDAD DE SAN JERÓNIMO - OBRA DE SEGURIDAD VIAL,1872,12,4,-33.136467,-33.136467,,
74-0008-LPU22,74/0,74/00 - ADMINISTRACIÓN DE PARQUES NACIONALES - COORDINACIÓN DE CONTRATACIONES,107,107 - Administración de Parques Nacionales,13061,74-0001-OBR23,Construcción de 6 (Seis) Viviendas en el Parque Nacional Ciervos de los Pantanos,4369,8,4,-34.2275,-58.898055,,
74-0054-LPU22,74/0,74/00 - ADMINISTRACIÓN DE PARQUES NACIONALES - COORDINACIÓN DE CONTRATACIONES,107,107 - Administración de Parques Nacionales,13090,74-0002-OBR23,Construcción de Sistema Cloacal en el Parque Nacional Campos del Tuyu,4369,2,4,-36.40487,-56.937279,,
46-0002-LPU22,46/0,46/000 - Coordinación de Licitaciones y Contrataciones - DNV,604,604 - Dirección Nacional de Vialidad,11962,46-0001-OBR23,"REPAVIMENTACIÓN R.N. N° 226, REPAVIMENTACIÓN Y RUTA SEGURA R.N. N°3. PROVINCIA DE BUENOS AIRES.",1859,18,4,-36.848,-59.8999,,
46-0164-LPU22,46/0,46/000 - Coordinación de Licitaciones y Contrataciones - DNV,604,604 - Dirección Nacional de Vialidad,13088,46-0002-OBR23,OBRAS RENOVACIÓN Y MEJORAMIENTO DEL SEÑALAMIENTO VERTICAL LATERAL Y AÉREO EN RUTAS NACIONALES VARIAS,1773,18,4,-34.392726,-58.312183,,
46-0038-LPU22,46/0,46/000 - Coordinación de Licitaciones y Contrataciones - DNV,604,604 - Dirección Nacional de Vialidad,13064,46-0003-OBR23,RUTA NACIONAL N° 136 – ENTRE RÍOS,1875,12,4,-32.989461,-58.520089,-33.077341,-58.253536
46-0054-LPU22,46/0,46/000 - Coordinación de Licitaciones y Contrataciones - DNV,604,604 - Dirección Nacional de Vialidad,13080,46-0004-OBR23,"AUTOPISTA RUTA NACIONAL N°7. ADECUACIÓN TRAVESÍA URBANA DE JUNÍN. TRAMO, Km. 258 – Km. 259,35.",1859,18,4,-34.602,-60.969,,
46/13-0206-LPU22,46/13,46/13 - 13° Chubut - DNV,604,604 - Dirección Nacional de Vialidad,13098,46/13-0005-OBR23,"OBRA DE CONSERVACION MEJORATIVA RUTA NACIONAL N° 25 SECCIÓN: KM. 165,22 - KM. 191,53.",1871,3,4,-43.704475,-66.877494,-43.684903,-67.177836
46-0264-LPU21,46/0,46/000 - Coordinación de Licitaciones y Contrataciones - DNV,604,604 - Dirección Nacional de Vialidad,13095,46-0006-OBR23,OBRA: REPAVIMENTACIÓN RUTA NACIONAL N° 3 -TRAMO: CAÑUELAS - SAN MIGUEL DEL MONTE.,1859,12,4,-35.09,-58.74,,
46-0006-LPU22,46/0,46/000 - Coordinación de Licitaciones y Contrataciones - DNV,604,604 - Dirección Nacional de Vialidad,13089,46-0007-OBR23,OBRA MEJORATIVA Y DE MANTENIMIENTO SISTEMA MODULAR - RUTA NACIONAL N° 205 y RUTA NACIONAL N° 226,1859,18,4,-35.57721,-59.667382,-36.291785,-61.153615
46/17-0140-LPU22,46/17,46/17 - 17° Entre Rios - DNV,604,604 - Dirección Nacional de Vialidad,13066,46/17-0008-OBR23,"OBRA DE CONSERVACIÓN MEJORATIVA RUTA NACIONAL N° 127  (KM 228,66 a KM 260,37)",1875,6,4,-30.747751,-58.598418,-30.510228,-58.424639
46/12-0049-LPU22,46/12,46/12 - 12° Neuquen - DNV,604,604 - Dirección Nacional de Vialidad,13104,46/12-0009-OBR23,"Mantenimiento y reparación de puentes - RN 231: KM 17,12 (s/Río Pireco), KM 21,26 (s/ Río Pereyra I)",1870,6,4,-40.424559,-71.472489,,
46-0083-LPU22,46/0,46/000 - Coordinación de Licitaciones y Contrataciones - DNV,604,604 - Dirección Nacional de Vialidad,13077,46-0010-OBR23,REPAVIMENTACIÓN EN RN N° 3. TRAMO: CAÑUELAS – SAN MIGUEL DEL MONTE,1859,12,4,-35.13,-58.78,,
46/19-0092-LPU22,46/19,46/19 - 1° Buenos Aires - DNV,604,604 - Dirección Nacional de Vialidad,13107,46/19-0011-OBR23,OBRA CONSTRUCCION DE CALZADA RUTA PROVINCIAL Nº 31,1859,12,4,-34.221701,-59.445852,-34.233937,-59.473118
46/13-0226-LPU22,46/13,46/13 - 13° Chubut - DNV,604,604 - Dirección Nacional de Vialidad,13099,46/13-0012-OBR23,"OBRA DE CONSERVACIÓN MEJORATIVA RNN° 25. LAS CHAPAS - LAS PLUMAS. KM 199,32 - 207,14.",1871,4,4,-43.684903,-67.177836,-43.720703,-67.288064
46/13-0108-LPU22,46/13,46/13 - 13° Chubut - DNV,604,604 - Dirección Nacional de Vialidad,13072,46/13-0013-OBR23,"OBRA DE CONSERVACIÓN MEJORATIVA RN N° 40 - PROVINCIA DEL CHUBUT. KM. 1324,69 - KM. 1367,81",1871,5,4,-45.999769,-70.438811,-46.002081,-70.405431
46/16-0130-LPU22,46/16,46/16 - 16° Santiago del Estero - DNV,604,604 - Dirección Nacional de Vialidad,13115,46/16-0014-OBR23,"Iluminación Rotonda Bandera RNN98 (Km 226,31) - Lte. Sta. Fe/Sgo. del Estero - Bandera",1874,3,4,-28.894931,-62.265878,,
46-0298-LPU21,46/0,46/000 - Coordinación de Licitaciones y Contrataciones - DNV,604,604 - Dirección Nacional de Vialidad,11983,46-0015-OBR23,VIALIDAD,1859,72,4,-38.822417,-62.701719,-38.975869,-64.105739
46/17-0311-LPU22,46/17,46/17 - 17° Entre Rios - DNV,604,604 - Dirección Nacional de Vialidad,13123,46/17-0016-OBR23,"Tareas de mantenimiento en Puente sobre A° La Ensenada -Ruta Nacional N° 131, Entre Ríos-",1875,6,4,-32.083829,-60.490414,,
46-0026-LPU22,46/0,46/000 - Coordinación de Licitaciones y Contrataciones - DNV,604,604 - Dirección Nacional de Vialidad,13105,46-0017-OBR23,"Ruta Nacional N° 8 Autopista: Pilar – Pergamino, Tramo: IIB, en la Provincia de Buenos Aires.",1859,8,4,-34.27,-59.41,,
46/19-0261-LPU22,46/19,46/19 - 1° Buenos Aires - DNV,604,604 - Dirección Nacional de Vialidad,13100,46/19-0018-OBR23,AMPLIACIÓN Y MEJORA DEL DISTRIBUIDOR EN CRUCE CON RUTA PROVINCIAL Nº 41.,1773,6,4,-34.243944,-59.438073,,
46-0055-LPU22,46/0,46/000 - Coordinación de Licitaciones y Contrataciones - DNV,604,604 - Dirección Nacional de Vialidad,11990,46-0019-OBR23,MALLA 405-A. RUTA NACIONAL N° 89,1876,72,4,-27.336012,-61.275309,-27.662555,-62.44682
46-0036-LPU22,46/0,46/000 - Coordinación de Licitaciones y Contrataciones - DNV,604,604 - Dirección Nacional de Vialidad,13102,46-0021-OBR23,"REPAVIMENTACIÓN Y RUTA SEGURA EN RUTA NACIONAL N° 3, TRAMO: AZUL – CORONEL DORREGO",1859,18,4,-38.17,-60.23,,
46-0150-LPU22,46/0,46/000 - Coordinación de Licitaciones y Contrataciones - DNV,604,604 - Dirección Nacional de Vialidad,13134,46-0022-OBR23,CONSTRUCCIÓN DE BANQUINAS PAVIMENTADAS Y CARRILES DE SOBREPASO EN RUTA NACIONAL N° 226,1859,12,4,-37.819,-58.219,,
501-0034-LPU22,501/0,501/000-Ministerio de Obras Públicas,364,364-Ministerio de Obras Públicas,13124,501-0001-OBR23,MHN MONUMENTO A LA BANDERA,4694,9,4,-32.947393,-60.633068,,
501-0026-LPU22,501/0,501/000-Ministerio de Obras Públicas,364,364-Ministerio de Obras Públicas,13133,501-0002-OBR23,Ex CCDTyE CAMPO DE MAYO. Espacio de Memoria y Promoción de los DDHH,4694,12,4,-34.535587,-58.662496,,